{
  "development": {
    "OMNICORE_SERVICE_URL": "https://neu-dev-ams-omnicoreapi.azure-api.net",
    "TWILIO_SERVICE_URL": "https://verify.twilio.com"
  },
  "mock": {
    "OMNICORE_SERVICE_URL": "https://run.mocky.io",
    "TWILIO_SERVICE_URL": "https://verify.twilio.com"
  },
  "production": {
    "OMNICORE_SERVICE_URL": "https://run.mocky.io",
    "TWILIO_SERVICE_URL": "https://verify.twilio.com"
  },
  "staging": {
    "OMNICORE_SERVICE_URL": "https://run.mocky.io",
    "TWILIO_SERVICE_URL": "https://verify.twilio.com"
  }
}
