{"hash":"18f7757d37906b58702a","version":"5.36.0","time":163,"builtAt":1619602607612,"publicPath":"auto","outputPath":"/Users/john/Documents/Repos/omnio/omnio/dist","assetsByChunkName":{"main":["main.js"]},"assets":[{"type":"asset","name":"main.js","size":0,"emitted":false,"comparedForEmit":false,"cached":true,"info":{"javascriptModule":false,"minimized":true},"chunkNames":["main"],"chunkIdHints":[],"auxiliaryChunkNames":[],"auxiliaryChunkIdHints":[],"related":{},"chunks":[179],"auxiliaryChunks":[],"isOverSizeLimit":false}],"chunks":[{"rendered":true,"initial":true,"entry":true,"recorded":false,"size":0,"sizes":{},"names":["main"],"idHints":[],"runtime":["main"],"files":["main.js"],"auxiliaryFiles":[],"hash":"420a2cb7637db533e4ac","childrenByOrder":{},"id":179,"siblings":[],"parents":[],"children":[],"modules":[],"origins":[{"module":"","moduleIdentifier":"","moduleName":"","loc":"main","request":"./src"}]}],"modules":[],"entrypoints":{"main":{"name":"main","chunks":[179],"assets":[{"name":"main.js"}],"filteredAssets":0,"assetsSize":null,"auxiliaryAssets":[],"filteredAuxiliaryAssets":0,"auxiliaryAssetsSize":0,"children":{},"childAssets":{},"isOverSizeLimit":false}},"namedChunkGroups":{"main":{"name":"main","chunks":[179],"assets":[{"name":"main.js"}],"filteredAssets":0,"assetsSize":null,"auxiliaryAssets":[],"filteredAuxiliaryAssets":0,"auxiliaryAssetsSize":0,"children":{},"childAssets":{},"isOverSizeLimit":false}},"errors":[{"loc":"main","message":"Module not found: Error: Can't resolve './src' in '/Users/john/Documents/Repos/omnio/omnio'","details":"resolve './src' in '/Users/john/Documents/Repos/omnio/omnio'\n  using description file: /Users/john/Documents/Repos/omnio/omnio/package.json (relative path: .)\n    Field 'browser' doesn't contain a valid alias configuration\n    using description file: /Users/john/Documents/Repos/omnio/omnio/package.json (relative path: ./src)\n      no extension\n        Field 'browser' doesn't contain a valid alias configuration\n        /Users/john/Documents/Repos/omnio/omnio/src is not a file\n      .js\n        Field 'browser' doesn't contain a valid alias configuration\n        /Users/john/Documents/Repos/omnio/omnio/src.js doesn't exist\n      .json\n        Field 'browser' doesn't contain a valid alias configuration\n        /Users/john/Documents/Repos/omnio/omnio/src.json doesn't exist\n      .wasm\n        Field 'browser' doesn't contain a valid alias configuration\n        /Users/john/Documents/Repos/omnio/omnio/src.wasm doesn't exist\n      as directory\n        existing directory /Users/john/Documents/Repos/omnio/omnio/src\n          using description file: /Users/john/Documents/Repos/omnio/omnio/package.json (relative path: ./src)\n            using path: /Users/john/Documents/Repos/omnio/omnio/src/index\n              using description file: /Users/john/Documents/Repos/omnio/omnio/package.json (relative path: ./src/index)\n                no extension\n                  Field 'browser' doesn't contain a valid alias configuration\n                  /Users/john/Documents/Repos/omnio/omnio/src/index doesn't exist\n                .js\n                  Field 'browser' doesn't contain a valid alias configuration\n                  /Users/john/Documents/Repos/omnio/omnio/src/index.js doesn't exist\n                .json\n                  Field 'browser' doesn't contain a valid alias configuration\n                  /Users/john/Documents/Repos/omnio/omnio/src/index.json doesn't exist\n                .wasm\n                  Field 'browser' doesn't contain a valid alias configuration\n                  /Users/john/Documents/Repos/omnio/omnio/src/index.wasm doesn't exist","stack":"ModuleNotFoundError: Module not found: Error: Can't resolve './src' in '/Users/john/Documents/Repos/omnio/omnio'\n    at /usr/local/lib/node_modules/webpack/lib/Compilation.js:1735:28\n    at /usr/local/lib/node_modules/webpack/lib/NormalModuleFactory.js:726:13\n    at eval (eval at create (/usr/local/lib/node_modules/webpack/node_modules/tapable/lib/HookCodeFactory.js:33:10), <anonymous>:8:1)\n    at /usr/local/lib/node_modules/webpack/lib/NormalModuleFactory.js:273:22\n    at eval (eval at create (/usr/local/lib/node_modules/webpack/node_modules/tapable/lib/HookCodeFactory.js:33:10), <anonymous>:7:1)\n    at /usr/local/lib/node_modules/webpack/lib/NormalModuleFactory.js:402:22\n    at /usr/local/lib/node_modules/webpack/lib/NormalModuleFactory.js:117:11\n    at /usr/local/lib/node_modules/webpack/lib/NormalModuleFactory.js:642:24\n    at /usr/local/lib/node_modules/webpack/lib/NormalModuleFactory.js:796:8\n    at /usr/local/lib/node_modules/webpack/lib/NormalModuleFactory.js:916:5"}],"errorsCount":1,"warnings":[{"message":"configuration\nThe 'mode' option has not been set, webpack will fallback to 'production' for this value.\nSet 'mode' option to 'development' or 'production' to enable defaults for each environment.\nYou can also set it to 'none' to disable any default behavior. Learn more: https://webpack.js.org/configuration/mode/","stack":"NoModeWarning: configuration\nThe 'mode' option has not been set, webpack will fallback to 'production' for this value.\nSet 'mode' option to 'development' or 'production' to enable defaults for each environment.\nYou can also set it to 'none' to disable any default behavior. Learn more: https://webpack.js.org/configuration/mode/\n    at /usr/local/lib/node_modules/webpack/lib/WarnNoModeSetPlugin.js:20:30\n    at Hook.eval [as call] (eval at create (/usr/local/lib/node_modules/webpack/node_modules/tapable/lib/HookCodeFactory.js:19:10), <anonymous>:19:1)\n    at Hook.CALL_DELEGATE [as _call] (/usr/local/lib/node_modules/webpack/node_modules/tapable/lib/Hook.js:14:14)\n    at Compiler.newCompilation (/usr/local/lib/node_modules/webpack/lib/Compiler.js:1016:30)\n    at /usr/local/lib/node_modules/webpack/lib/Compiler.js:1059:29\n    at Hook.eval [as callAsync] (eval at create (/usr/local/lib/node_modules/webpack/node_modules/tapable/lib/HookCodeFactory.js:33:10), <anonymous>:4:1)\n    at Hook.CALL_ASYNC_DELEGATE [as _callAsync] (/usr/local/lib/node_modules/webpack/node_modules/tapable/lib/Hook.js:18:14)\n    at Compiler.compile (/usr/local/lib/node_modules/webpack/lib/Compiler.js:1054:28)\n    at /usr/local/lib/node_modules/webpack/lib/Compiler.js:494:12\n    at Compiler.readRecords (/usr/local/lib/node_modules/webpack/lib/Compiler.js:894:11)"}],"warningsCount":1,"children":[]}