{
    "$schema": "https://schema.management.azure.com/schemas/2019-04-01/deploymentTemplate.json#",
    "contentVersion": "1.0.0.0",
    "parameters": {
        "frontdoorwebapplicationfirewallpolicies_NEUDEVWAFOmnicore_name": {
            "defaultValue": "NEUDEVWAFOmnicore",
            "type": "String"
        }
    },
    "variables": {},
    "resources": [
        {
            "type": "Microsoft.Network/frontdoorwebapplicationfirewallpolicies",
            "apiVersion": "2020-11-01",
            "name": "[parameters('frontdoorwebapplicationfirewallpolicies_NEUDEVWAFOmnicore_name')]",
            "location": "Global",
            "tags": {
                "Client": "",
                "Environment": "",
                "Platform": "",
                "Service Dependence": ""
            },
            "sku": {
                "name": "Classic_AzureFrontDoor"
            },
            "properties": {
                "policySettings": {
                    "enabledState": "Enabled",
                    "mode": "Prevention",
                    "customBlockResponseStatusCode": 403,
                    "requestBodyCheck": "Enabled"
                },
                "customRules": {
                    "rules": []
                },
                "managedRules": {
                    "managedRuleSets": [
                        {
                            "ruleSetType": "DefaultRuleSet",
                            "ruleSetVersion": "1.0",
                            "ruleGroupOverrides": [],
                            "exclusions": []
                        },
                        {
                            "ruleSetType": "Microsoft_BotManagerRuleSet",
                            "ruleSetVersion": "1.0",
                            "ruleGroupOverrides": [],
                            "exclusions": []
                        }
                    ]
                }
            }
        }
    ]
}