{
  "$schema": "https://schema.management.azure.com/schemas/2019-04-01/deploymentParameters.json#",
  "contentVersion": "1.0.0.0",
  "parameters": {
    "database_server_name": {
      "value": "neu-sit-sdb-payments-manual"
    },
    "default_location": {
      "value": "North Europe"
    },
    "elastic_pool_name": {
      "value": "NEU-SIT-EP-Payments-Manual"
    },
    "elastic_pool_sku_capacity": {
      "value": 2
    },
    "elastic_pool_sku_name": {
      "value": "GP_Gen5"
    },
    "elastic_pool_sku_tier": {
      "value": "GeneralPurpose"
    },
    "external_service_bus_name": {
      "value": "omn-sit-sb-omnicore-external"
    },
    "internal_service_bus_name": {
      "value": "omn-sit-sb-omnicore-internal"
    },
    "keyvault_name": {
      "value": "NEU-SIT-KVT-Omnicore-Man"
    },
    "LoggingLogLevelDefault": {
      "value": "Debug"
    },
    "PaymentNotificationsEnvironment": {
      "value": "Sit"
    },
    "pipeline_service_principal_object_id": {
      "value": "51123e84-c033-4b2e-af2e-043766877131"
    },
    "queue_service_bus_name": {
      "value": "neu-sit-sbu-omnicore-manual"
    },
    "resource_prefix": {
      "value": "omn-sit"
    },
    "RoboliticsBaseUrl": {
      "value": "https://dokstor.sit.omnicore.global/robolitics-api/api/"
    },
    "RoboliticsDisableCertificateChecks": {
      "value": "false"
    },
    "SaltEdgeBaseUrl": {
      "value": "https://priora.saltedge.com/api/connectors/v2/"
    },
    "T2BaseAddress": {
      "value": "https://t2-api.eccountplatform-omnio-sit-omnicore-epcore.com/v1.4.1/"
    },
    "tag_environment_name": {
      "value": "SIT"
    },
    "virtual_network_api_management_subnet_name": {
      "value": "NEU-SIT-AGW-Omnicore_Manual"
    },
    "virtual_network_app_gateway_network_security_group_name": {
      "value": "NEU-SIT-NSG-AppGateway_Manual"
    },
    "virtual_network_app_gateway_subnet_name": {
      "value": "NEU-SIT-SUB-AppGateway"
    },
    "virtual_network_dokstor_subnet_name": {
      "value": "NEU-SIT-SUB-Dokstor"
    },
    "virtual_network_kube_network_name": {
      "value": "aks-vnet-19451516"
    },
    "virtual_network_kube_resource_group_name": {
      "value": "MC_NEU-SIT-RG-Omnicore_Manual_NEU-SIT-AKS-OmnicoreManual_northeurope"
    },
    "virtual_network_name": {
      "value": "NEU-SIT-VNA-Omnicore_Manual"
    },
    "virtual_network_peerings_subnet_name": {
      "value": "NEU-SIT-SUB-Peerings"
    }
  }
}