{
  "$schema": "https://schema.management.azure.com/schemas/2019-04-01/deploymentTemplate.json#",
  "contentVersion": "1.0.0.0",
  "parameters": {
    "administratorLogin": {
      "type": "securestring",
      "defaultValue": "[uniqueString(resourceGroup().id)]"
    },
    "administratorLoginPassword": {
      "type": "securestring",
      "defaultValue": "A1#B2@[uniqueString(resourceGroup().id)]"
    },
    "database_name_prefix": {
      "type": "string",
      "defaultValue": "[concat(parameters('database_server_name'), '-db')]"
    },
    "database_server_name": {
      "type": "string",
      "defaultValue": "[concat(parameters('resource_prefix'), '-sql')]"
    },
    "default_location": {
      "type": "string",
      "defaultValue": "[resourceGroup().location]"
    },
    "elastic_pool_name": {
      "type": "string",
      "defaultValue": "[concat(parameters('database_server_name'), '-sep')]"
    },
    "elastic_pool_sku_name": {
      "type": "string",
      "defaultValue": "BasicPool"
    },
    "elastic_pool_sku_capacity": {
      "type": "int",
      "defaultValue": 50
    },
    "elastic_pool_sku_tier": {
      "type": "string",
      "defaultValue": "Basic"
    },
    "external_service_bus_name": {
      "type": "string",
      "defaultValue": "[concat(parameters('resource_prefix'), '-sb-external')]"
    },
    "internal_service_bus_name": {
      "type": "string",
      "defaultValue": "[concat(parameters('resource_prefix'), '-sb-internal')]"
    },
    "keyvault_name": {
      "type": "string",
      "defaultValue": "[concat(parameters('resource_prefix'), '-kyv')]"
    },
    "LoggingLogLevelDefault": {
      "type": "string",
      "defaultValue": "Trace"
    },
    "PaymentNotificationsEnvironment": {
      "type": "string",
      "defaultValue": "test"
    },
    "pipeline_service_principal_object_id": {
      "type": "string",
      "defaultValue": "bc3b2846-bc1e-431d-b6be-b505fd034fa7"
    },
    "queue_service_bus_name": {
      "type": "string",
      "defaultValue": "[concat(parameters('resource_prefix'), '-sb-omnicore')]"
    },
    "redis_cache_name": {
      "type": "string",
      "defaultValue": "[concat(parameters('resource_prefix'), '-rcache')]"
    },
    "resource_group": {
      "defaultValue": "[resourceGroup().name]",
      "type": "string"
    },
    "resource_prefix": {
      "type": "string",
      "defaultValue": "uks-dev-test"
    },
    "RoboliticsBaseUrl": {
      "type": "string",
      "defaultValue": "https://RoboliticsBaseUrl"
    },
    "RoboliticsDisableCertificateChecks": {
      "type": "string",
      "defaultValue": "false"
    },
    "SaltEdgeBaseUrl": {
      "type": "string",
      "defaultValue": "https://SaltEdgeBaseUrl"
    },
    "T2BaseAddress": {
      "type": "string",
      "defaultValue": "https://T2BaseAddress"
    },
    "tag_environment_name": {
      "type": "string",
      "defaultValue": "Test"
    },
    "virtual_network_api_management_subnet_name": {
      "type": "string",
      "defaultValue": "api-management"
    },
    "virtual_network_app_gateway_network_security_group_name": {
      "type": "string",
      "defaultValue": "[concat(parameters('resource_prefix'), '-nsg-', parameters('virtual_network_app_gateway_subnet_name'))]"
    },
    "virtual_network_app_gateway_subnet_name": {
      "type": "string",
      "defaultValue": "app-gateway"
    },
    "virtual_network_dokstor_subnet_name": {
      "type": "string",
      "defaultValue": "[concat(subscription().displayName, '-dokstor')]"
    },
    "virtual_network_kube_network_name": {
      "type": "string",
      "defaultValue": "[concat(parameters('resource_prefix'), '-aks')]",
      "metadata": {
        "description": "Name of the RG to Kube virtual network link "
      }
    },
    "virtual_network_kube_resource_group_name": {
      "type": "string",
      "defaultValue": "[parameters('resource_group')]",
      "metadata": {
        "description:": "Resource group name for kube cluster"
      }
    },
    "virtual_network_name": {
      "type": "string",
      "defaultValue": "[concat(parameters('resource_prefix'), '-vna')]",
      "metadata": {
        "description": "Name of the virtual network."
      }
    },
    "virtual_network_peerings_subnet_name": {
      "type": "string",
      "defaultValue": "[concat(subscription().displayName, '-peerings')]",
      "metadata": {
        "description": "virtual network peerings subnet name"
      }
    },
    "tags": {
      "type": "object",
      "defaultValue": {
        "CreatedBy": "ARM Script",
        "Environment": "[parameters('tag_environment_name')]",
        "Client": "Omnicore"
      }
    }
  },
  "variables": {
    "appServicePlanName": "[concat(parameters('resource_prefix'), '-asp-', uniquestring(resourceGroup().id))]"
  },
  "resources": [
    {
      "apiVersion": "2016-09-01",
      "kind": "linux",
      "location": "[parameters('default_location')]",
      "tags": "[parameters('tags')]",
      "name": "[variables('appServicePlanName')]",
      "properties": {
        "name": "[variables('appServicePlanName')]",
        "perSiteScaling": false,
        "reserved": true,
        "targetWorkerCount": 0,
        "targetWorkerSizeId": 0
      },
      "sku": {
        "name": "B1",
        "tier": "Basic",
        "size": "B1",
        "family": "B",
        "capacity": 1
      },
      "type": "Microsoft.Web/serverfarms"
    },
    {
      "type": "Microsoft.Resources/deployments",
      "apiVersion": "2021-04-01",
      "name": "KeyVault",
      "properties": {
        "mode": "Incremental",
        "templateLink": {
          "relativePath": "KeyVault/Omnicore.json"
        },
        "parameters": {
          "keyvault_name": {
            "value": "[parameters('keyvault_name')]"
          },
          "location": {
            "value": "[parameters('default_location')]"
          },
          "pipeline_service_principal_object_id": {
            "value": "[parameters('pipeline_service_principal_object_id')]"
          },
          "LoggingLogLevelDefault": {
            "value": "[parameters('LoggingLogLevelDefault')]"
          },
          "PaymentNotificationsEnvironment": {
            "value": "[parameters('PaymentNotificationsEnvironment')]"
          },
          "RoboliticsBaseUrl": {
            "value": "[parameters('RoboliticsBaseUrl')]"
          },
          "RoboliticsDisableCertificateChecks": {
            "value": "[parameters('RoboliticsDisableCertificateChecks')]"
          },
          "SaltEdgeBaseUrl": {
            "value": "[parameters('SaltEdgeBaseUrl')]"
          },
          "T2BaseAddress": {
            "value": "[parameters('T2BaseAddress')]"
          },
          "tags": {
            "value": "[parameters('tags')]"
          }
        }
      }
    },
    {
      "type": "Microsoft.Resources/deployments",
      "apiVersion": "2021-04-01",
      "name": "VirtualNetworks",
      "dependsOn": [
      ],
      "properties": {
        "mode": "Incremental",
        "templateLink": {
          "relativePath": "VirtualNetworks/Omnicore.json"
        },
        "parameters": {
          "location": {
            "value": "[parameters('default_location')]"
          },
          "resourcePrefix": {
            "value": "[parameters('resource_prefix')]"
          },
          "virtualNetworkName": {
            "value": "[parameters('virtual_network_name')]"
          },
          "apiManagementSubnetName": {
            "value": "[parameters('virtual_network_api_management_subnet_name')]"
          },
          "appGatewaySubnetName": {
            "value": "[parameters('virtual_network_app_gateway_subnet_name')]"
          },
          "appGatewayNetworkSecurityGroupName": {
            "value": "[parameters('virtual_network_app_gateway_network_security_group_name')]"
          },
          "peeringsSubnetName": {
            "value": "[parameters('virtual_network_peerings_subnet_name')]"
          },
          "dokstorSubnetName": {
            "value": "[parameters('virtual_network_dokstor_subnet_name')]"
          },
          "aksResourceGroupName": {
            "value": "[parameters('virtual_network_kube_resource_group_name')]"
          },
          "aksVnetName": {
            "value": "[parameters('virtual_network_kube_network_name')]"
          },
          "tags": {
            "value": "[parameters('tags')]"
          }
        }
      }
    },
    {
      "type": "Microsoft.Resources/deployments",
      "apiVersion": "2021-04-01",
      "name": "redisCache",
      "dependsOn": [
       "[resourceId('Microsoft.Resources/deployments', 'VirtualNetworks')]"
      ],
      "properties": {
        "mode": "Incremental",
        "templateLink": {
          "relativePath": "RedisCache/Omnicore.json"
        },
        "parameters": {
          "resourcePrefix": {
            "value": "[parameters('resource_prefix')]"
          },
          "redisCacheName": {
            "value": "[parameters('redis_cache_name')]"
          },
          "virtualNetwork": {
            "value": "[parameters('virtual_network_name')]"
          },
          "keyVaultName": {
            "value": "[parameters('keyvault_name')]"
          },
          "tags": {
            "value": "[parameters('tags')]"
          }
        }
      }
    },
    {
      "type": "Microsoft.Resources/deployments",
      "apiVersion": "2021-04-01",
      "name": "SqlDatabases",
      "dependsOn": [
        "[resourceId('Microsoft.Resources/deployments', 'VirtualNetworks')]",
        "[resourceId('Microsoft.Resources/deployments', 'KeyVault')]"
      ],
      "properties": {
        "mode": "Incremental",
        "templateLink": {
          "relativePath": "SqlServer/Omnicore.json"
        },
        "parameters": {
          "location": {
            "value": "[parameters('default_location')]"
          },
          "keyvaultName": {
            "value": "[parameters('keyvault_name')]"
          },
          "resourcePrefix": {
            "value": "[parameters('resource_prefix')]"
          },
          "serverName": {
            "value": "[parameters('database_server_name')]"
          },
          "databaseNamePrefix": {
            "value": "[parameters('database_name_prefix')]"
          },
          "administratorLogin": {
            "value": "[parameters('administratorLogin')]"
          },
          "administratorLoginPassword": {
            "value": "[parameters('administratorLoginPassword')]"
          },
          "elasticPoolName": {
            "value": "[parameters('elastic_pool_name')]"
          },
          "elasticPoolSkuTier": {
            "value": "[parameters('elastic_pool_sku_tier')]"
          },
          "elasticPoolSkuName": {
            "value": "[parameters('elastic_pool_sku_name')]"
          },
          "elasticPoolSkuCapacity": {
            "value": "[parameters('elastic_pool_sku_capacity')]"
          },
          "tags": {
            "value": "[parameters('tags')]"
          }
        }
      }
    },
    {
      "name": "ServiceBusInternal",
      "type": "Microsoft.Resources/deployments",
      "apiVersion": "2021-04-01",
      "dependsOn": [
        "[resourceId('Microsoft.Resources/deployments', 'KeyVault')]"
      ],
      "properties": {
        "mode": "Incremental",
        "templateLink": {
          "relativePath": "ServiceBusNamespace/OmnicoreInternal.json"
        },
        "parameters": {
          "internal_service_bus_name": {
            "value": "[parameters('internal_service_bus_name')]"
          },
          "location": {
            "value": "[parameters('default_location')]"
          },
          "keyvault_name": {
            "value": "[parameters('keyvault_name')]"
          },
          "tags": {
            "value": "[parameters('tags')]"
          }
        }
      }
    },
    {
      "name": "ServiceBusExternal",
      "type": "Microsoft.Resources/deployments",
      "apiVersion": "2021-04-01",
      "dependsOn": [
        "[resourceId('Microsoft.Resources/deployments', 'KeyVault')]"
      ],
      "properties": {
        "mode": "Incremental",
        "templateLink": {
          "relativePath": "ServiceBusNamespace/OmnicoreExternal.json"
        },
        "parameters": {
          "external_service_bus_name": {
            "value": "[parameters('external_service_bus_name')]"
          },
          "location": {
            "value": "[parameters('default_location')]"
          },
          "keyvault_name": {
            "value": "[parameters('keyvault_name')]"
          },
          "tags": {
            "value": "[parameters('tags')]"
          }
        }
      }
    },
    {
      "name": "ServiceBusQueues",
      "type": "Microsoft.Resources/deployments",
      "apiVersion": "2021-04-01",
      "dependsOn": [
        "[resourceId('Microsoft.Resources/deployments', 'KeyVault')]"
      ],
      "properties": {
        "mode": "Incremental",
        "templateLink": {
          "relativePath": "ServiceBusNamespace/OmnicoreQueue.json"
        },
        "parameters": {
          "queue_service_bus_name": {
            "value": "[parameters('queue_service_bus_name')]"
          },
          "location": {
            "value": "[parameters('default_location')]"
          },
          "keyvault_name": {
            "value": "[parameters('keyvault_name')]"
          },
          "tags": {
            "value": "[parameters('tags')]"
          }
        }
      }
    }
  ]
}
