{
    "$schema": "https://schema.management.azure.com/schemas/2019-04-01/deploymentTemplate.json#",
    "contentVersion": "1.0.0.0",
    "parameters": {
        "networkInterfaces_neu_dev_ept_gps_trans_nic_c9029c47_d24c_48af_9bae_d66cb7fa05d7_name": {
            "defaultValue": "neu-dev-ept-gps-trans.nic.c9029c47-d24c-48af-9bae-d66cb7fa05d7",
            "type": "String"
        },
        "virtualNetworks_NEU_DEV_VNA_Omnicore_externalid": {
            "defaultValue": "/subscriptions/8e23dffd-ada5-41c5-b121-ebc51bcbf252/resourceGroups/NEU-DEV-RG-Omnicore/providers/Microsoft.Network/virtualNetworks/NEU-DEV-VNA-Omnicore",
            "type": "String"
        }
    },
    "variables": {},
    "resources": [
        {
            "type": "Microsoft.Network/networkInterfaces",
            "apiVersion": "2020-11-01",
            "name": "[parameters('networkInterfaces_neu_dev_ept_gps_trans_nic_c9029c47_d24c_48af_9bae_d66cb7fa05d7_name')]",
            "location": "northeurope",
            "properties": {
                "ipConfigurations": [
                    {
                        "name": "Sql-omn-neu-dev-gps-trans.privateEndpoint",
                        "properties": {
                            "privateIPAddress": "172.0.10.4",
                            "privateIPAllocationMethod": "Dynamic",
                            "subnet": {
                                "id": "[concat(parameters('virtualNetworks_NEU_DEV_VNA_Omnicore_externalid'), '/subnets/NEU-DEV-SBN-APIManagement')]"
                            },
                            "primary": true,
                            "privateIPAddressVersion": "IPv4"
                        }
                    },
                    {
                        "name": "Sql-omn-neu-dev-gps-trans-northeurope.privateEndpoint",
                        "properties": {
                            "privateIPAddress": "172.0.10.5",
                            "privateIPAllocationMethod": "Dynamic",
                            "subnet": {
                                "id": "[concat(parameters('virtualNetworks_NEU_DEV_VNA_Omnicore_externalid'), '/subnets/NEU-DEV-SBN-APIManagement')]"
                            },
                            "primary": false,
                            "privateIPAddressVersion": "IPv4"
                        }
                    }
                ],
                "dnsSettings": {
                    "dnsServers": []
                },
                "enableAcceleratedNetworking": false,
                "enableIPForwarding": false
            }
        }
    ]
}