{
    "$schema": "https://schema.management.azure.com/schemas/2019-04-01/deploymentTemplate.json#",
    "contentVersion": "1.0.0.0",
    "parameters": {
        "networkInterfaces_kube_apiserver_nic_13d7271f_b1fd_497a_b381_dadeeda3c4a8_name": {
            "defaultValue": "kube-apiserver.nic.13d7271f-b1fd-497a-b381-dadeeda3c4a8",
            "type": "String"
        },
        "virtualNetworks_aks_vnet_26165443_externalid": {
            "defaultValue": "/subscriptions/8e23dffd-ada5-41c5-b121-ebc51bcbf252/resourceGroups/MC_NEU-DEV-RG-Omnicore_manual_NEU-DEV-AKS-OmnicoreManual_northeurope/providers/Microsoft.Network/virtualNetworks/aks-vnet-26165443",
            "type": "String"
        }
    },
    "variables": {},
    "resources": [
        {
            "type": "Microsoft.Network/networkInterfaces",
            "apiVersion": "2020-11-01",
            "name": "[parameters('networkInterfaces_kube_apiserver_nic_13d7271f_b1fd_497a_b381_dadeeda3c4a8_name')]",
            "location": "northeurope",
            "tags": {
                "Client": "",
                "Environment": "",
                "Platform": "",
                "Service Dependence": ""
            },
            "properties": {
                "ipConfigurations": [
                    {
                        "name": "privateEndpointIpConfig",
                        "properties": {
                            "privateIPAddress": "10.240.0.4",
                            "privateIPAllocationMethod": "Dynamic",
                            "subnet": {
                                "id": "[concat(parameters('virtualNetworks_aks_vnet_26165443_externalid'), '/subnets/aks-subnet')]"
                            },
                            "primary": true,
                            "privateIPAddressVersion": "IPv4"
                        }
                    }
                ],
                "dnsSettings": {
                    "dnsServers": []
                },
                "enableAcceleratedNetworking": false,
                "enableIPForwarding": false
            }
        }
    ]
}