{
    "$schema": "https://schema.management.azure.com/schemas/2019-04-01/deploymentTemplate.json#",
    "contentVersion": "1.0.0.0",
    "parameters": {
        "registries_OmnicoreServiceBuilds_name": {
            "defaultValue": "OmnicoreServiceBuilds",
            "type": "String"
        }
    },
    "variables": {},
    "resources": [
        {
            "type": "Microsoft.ContainerRegistry/registries",
            "apiVersion": "2021-06-01-preview",
            "name": "[parameters('registries_OmnicoreServiceBuilds_name')]",
            "location": "northeurope",
            "sku": {
                "name": "Basic",
                "tier": "Basic"
            },
            "properties": {
                "adminUserEnabled": false,
                "policies": {
                    "quarantinePolicy": {
                        "status": "disabled"
                    },
                    "trustPolicy": {
                        "type": "Notary",
                        "status": "disabled"
                    },
                    "retentionPolicy": {
                        "days": 7,
                        "status": "disabled"
                    },
                    "exportPolicy": {
                        "status": "enabled"
                    }
                },
                "encryption": {
                    "status": "disabled"
                },
                "dataEndpointEnabled": false,
                "publicNetworkAccess": "Enabled",
                "networkRuleBypassOptions": "AzureServices",
                "zoneRedundancy": "Disabled"
            }
        }
    ]
}