{
  "$schema": "https://schema.management.azure.com/schemas/2019-04-01/deploymentTemplate.json#",
  "contentVersion": "1.0.0.0",
  "parameters": {
    "keyvault_name": {
      "type": "String"
    },
    "location": {
      "type": "string",
      "defaultValue": "UK South"
    },
    "tags": {
      "type": "object",
      "defaultValue": {
        "Environment": "Test"
      }
    },
    "pipeline_service_principal_object_id": {
      "type": "string"
    },
    "LoggingLogLevelDefault": {
      "type": "string"
    },
    "PaymentNotificationsEnvironment": {
      "type": "string"
    },
    "RoboliticsBaseUrl": {
      "type": "string"
    },
    "RoboliticsDisableCertificateChecks": {
      "type": "string"
    },
    "SaltEdgeBaseUrl": {
      "type": "string"
    },
    "T2BaseAddress": {
      "type": "string"
    },
    "tenant_id": {
      "type": "string",
      "defaultValue": "[subscription().tenantId]"
    },
    "keyPermissions": {
      "type": "array",
      "defaultValue": [
        "get",
        "list",
        "create",
        "update",
        "delete"
      ]
    },
    "secretPermissions": {
      "type": "array",
      "defaultValue": [
        "get",
        "list",
        "set",
        "delete",
        "recover",
        "purge"
      ]
    },
    "certificatePermissions": {
      "type": "array",
      "defaultValue": [
        "get",
        "list",
        "delete",
        "create",
        "update"
      ]
    }
  },
  "variables": {

  },
  "resources": [
    {
      "type": "Microsoft.KeyVault/vaults",
      "apiVersion": "2021-06-01-preview",
      "name": "[parameters('keyvault_name')]",
      "location": "[parameters('location')]",
      "tags": "[parameters('tags')]",
      "properties": {
        "enabledForDeployment": true,
        "enabledForTemplateDeployment": true,
        "sku": {
          "family": "A",
          "name": "Standard"
        },
        "tenantId": "[parameters('tenant_id')]",
        "accessPolicies": [
          {
            "comment": "paymentct-Banking Lite",
            "tenantId": "[parameters('tenant_id')]",
            "objectId": "810edeba-0e02-4e96-a1de-00fbbde2567a",
            "permissions": {
              "keys": "[parameters('keyPermissions')]",
              "secrets": "[parameters('secretPermissions')]",
              "certificates": "[parameters('certificatePermissions')]"
            }
          },
          {
            "comment": "Pipeline Service Principal",
            "tenantId": "[parameters('tenant_id')]",
            "objectId": "[parameters('pipeline_service_principal_object_id')]",
            "permissions": {
              "keys": "[parameters('keyPermissions')]",
              "secrets": "[parameters('secretPermissions')]",
              "certificates": "[parameters('certificatePermissions')]"
            }
          },
          {
            "comment": "paymentct-AnPost 3DS",
            "tenantId": "[parameters('tenant_id')]",
            "objectId": "eebea694-e050-4515-8a59-e62287b4a201",
            "permissions": {
              "keys": "[parameters('keyPermissions')]",
              "secrets": "[parameters('secretPermissions')]",
              "certificates": "[parameters('certificatePermissions')]"
            }
          },
          //{
          //  "comment":"NEU-DEV-AKS-Omnicore",
          //  "tenantId": "[parameters('tenant_id')]",
          //  "objectId": "7d6a4bab-7875-4aac-bb7b-24eaedfe3df8",
          //  "permissions": {
          //    "keys": "[parameters('keyPermissions')]",
          //    "secrets": "[parameters('secretPermissions')]",
          //    "certificates": "[parameters('certificatePermissions')]"
          //  }
          //},
          {
            "comment": "sg-org-IT.Development",
            "tenantId": "[parameters('tenant_id')]",
            "objectId": "f6028d04-e6ce-4f61-af01-251bf63e3159",
            "permissions": {
              "keys": "[parameters('keyPermissions')]",
              "secrets": "[parameters('secretPermissions')]",
              "certificates": "[parameters('certificatePermissions')]"
            }
          }
        ]
      }
    },
    //{
    //  "type": "Microsoft.KeyVault/vaults/secrets",
    //  "apiVersion": "2021-06-01-preview",
    //  "name": "[concat(parameters('keyvault_name'), '/FraudAndTransactionsMonitoringDbConnectionString')]",
    //  "location": "[parameters('location')]",
    //  "dependsOn": [
    //    "[resourceId('Microsoft.KeyVault/vaults', parameters('keyvault_name'))]"
    //  ],
    //  "properties": {
    //    "attributes": {
    //      "enabled": true
    //    },
    //    "contentType": "text/plain"
    //  }
    //},
    {
      "type": "Microsoft.KeyVault/vaults/secrets",
      "apiVersion": "2021-06-01-preview",
      "name": "[concat(parameters('keyvault_name'), '/LoggingLogLevelDefault')]",
      "location": "[parameters('location')]",
      "dependsOn": [
        "[resourceId('Microsoft.KeyVault/vaults', parameters('keyvault_name'))]"
      ],
      "properties": {
        "value": "[parameters('LoggingLogLevelDefault')]",
        "attributes": {
          "enabled": true
        },
        "contentType": "text/plain"
      }
    },
    {
      "type": "Microsoft.KeyVault/vaults/secrets",
      "apiVersion": "2021-06-01-preview",
      "name": "[concat(parameters('keyvault_name'), '/AccountApiBaseUrl')]",
      "location": "[parameters('location')]",
      "dependsOn": [
        "[resourceId('Microsoft.KeyVault/vaults', parameters('keyvault_name'))]"
      ],
      "properties": {
        "value": "http://omnicore-accounts-api",
        "attributes": {
          "enabled": true
        }
      }
    },
    //{
    //  "type": "Microsoft.KeyVault/vaults/secrets",
    //  "apiVersion": "2021-06-01-preview",
    //  "name": "[concat(parameters('keyvault_name'), '/ApplicationInsightsInstrumentationKey')]",
    //  "location": "[parameters('location')]",
    //  "dependsOn": [
    //    "[resourceId('Microsoft.KeyVault/vaults', parameters('keyvault_name'))]"
    //  ],
    //  "properties": {
    //    "value": "[parameters('ApplicationInsightsInstrumentationKey')]",
    //    "attributes": {
    //      "enabled": true
    //    }
    //  }
    //},
    //{
    //  "type": "Microsoft.KeyVault/vaults/secrets",
    //  "apiVersion": "2021-06-01-preview",
    //  "name": "[concat(parameters('keyvault_name'), '/AuthCacheOptionsConnectionString')]",
    //  "location": "[parameters('location')]",
    //  "dependsOn": [
    //    "[resourceId('Microsoft.KeyVault/vaults', parameters('keyvault_name'))]"
    //  ],
    //  "properties": {
    //    "attributes": {
    //      "enabled": true
    //    }
    //  }
    //},
    {
      "type": "Microsoft.KeyVault/vaults/secrets",
      "apiVersion": "2021-06-01-preview",
      "name": "[concat(parameters('keyvault_name'), '/AuthCacheOptionsUseInMemoryCache')]",
      "location": "[parameters('location')]",
      "dependsOn": [
        "[resourceId('Microsoft.KeyVault/vaults', parameters('keyvault_name'))]"
      ],
      "properties": {
        "value": "false",
        "attributes": {
          "enabled": true
        }
      }
    },
    {
      "type": "Microsoft.KeyVault/vaults/secrets",
      "apiVersion": "2021-06-01-preview",
      "name": "[concat(parameters('keyvault_name'), '/AuthenticationApiBaseUrl')]",
      "location": "[parameters('location')]",
      "dependsOn": [
        "[resourceId('Microsoft.KeyVault/vaults', parameters('keyvault_name'))]"
      ],
      "properties": {
        "value": "http://omnicore-authentication-api",
        "attributes": {
          "enabled": true
        }
      }
    },
    {
      "type": "Microsoft.KeyVault/vaults/secrets",
      "apiVersion": "2021-06-01-preview",
      "name": "[concat(parameters('keyvault_name'), '/AuthFakeOtp')]",
      "location": "[parameters('location')]",
      "dependsOn": [
        "[resourceId('Microsoft.KeyVault/vaults', parameters('keyvault_name'))]"
      ],
      "properties": {
        "value": "false",
        "attributes": {
          "enabled": true
        }
      }
    },
    {
      "type": "Microsoft.KeyVault/vaults/secrets",
      "apiVersion": "2021-06-01-preview",
      "name": "[concat(parameters('keyvault_name'), '/CardApiClientOptionsBaseAddress')]",
      "location": "[parameters('location')]",
      "dependsOn": [
        "[resourceId('Microsoft.KeyVault/vaults', parameters('keyvault_name'))]"
      ],
      "properties": {
        "value": "http://omnicore-card-api",
        "attributes": {
          "enabled": true
        }
      }
    },
    //{
    //  "type": "Microsoft.KeyVault/vaults/secrets",
    //  "apiVersion": "2021-06-01-preview",
    //  "name": "[concat(parameters('keyvault_name'), '/CardDbConnectionString')]",
    //  "location": "[parameters('location')]",
    //  "dependsOn": [
    //    "[resourceId('Microsoft.KeyVault/vaults', parameters('keyvault_name'))]"
    //  ],
    //  "properties": {
    //    "attributes": {
    //      "enabled": true
    //    }
    //  }
    //},
    //{
    //  "type": "Microsoft.KeyVault/vaults/secrets",
    //  "apiVersion": "2021-06-01-preview",
    //  "name": "[concat(parameters('keyvault_name'), '/ConfigurationDbConnectionString')]",
    //  "location": "[parameters('location')]",
    //  "dependsOn": [
    //    "[resourceId('Microsoft.KeyVault/vaults', parameters('keyvault_name'))]"
    //  ],
    //  "properties": {
    //    "attributes": {
    //      "enabled": true,
    //      "nbf": 1627378122
    //    }
    //  }
    //},
    //{
    //  "type": "Microsoft.KeyVault/vaults/secrets",
    //  "apiVersion": "2021-06-01-preview",
    //  "name": "[concat(parameters('keyvault_name'), '/CosmosDbDatabaseName')]",
    //  "location": "[parameters('location')]",
    //  "dependsOn": [
    //    "[resourceId('Microsoft.KeyVault/vaults', parameters('keyvault_name'))]"
    //  ],
    //  "properties": {
    //    "attributes": {
    //      "enabled": true
    //    }
    //  }
    //},
    //{
    //  "type": "Microsoft.KeyVault/vaults/secrets",
    //  "apiVersion": "2021-06-01-preview",
    //  "name": "[concat(parameters('keyvault_name'), '/CosmosDbEndpointUri')]",
    //  "location": "[parameters('location')]",
    //  "dependsOn": [
    //    "[resourceId('Microsoft.KeyVault/vaults', parameters('keyvault_name'))]"
    //  ],
    //  "properties": {
    //    "attributes": {
    //      "enabled": true
    //    }
    //  }
    //},
    //{
    //  "type": "Microsoft.KeyVault/vaults/secrets",
    //  "apiVersion": "2021-06-01-preview",
    //  "name": "[concat(parameters('keyvault_name'), '/CosmosDbItemIdSeparator')]",
    //  "location": "[parameters('location')]",
    //  "dependsOn": [
    //    "[resourceId('Microsoft.KeyVault/vaults', parameters('keyvault_name'))]"
    //  ],
    //  "properties": {
    //    "attributes": {
    //      "enabled": true
    //    }
    //  }
    //},
    //{
    //  "type": "Microsoft.KeyVault/vaults/secrets",
    //  "apiVersion": "2021-06-01-preview",
    //  "name": "[concat(parameters('keyvault_name'), '/CosmosDbPrimaryKey')]",
    //  "location": "[parameters('location')]",
    //  "dependsOn": [
    //    "[resourceId('Microsoft.KeyVault/vaults', parameters('keyvault_name'))]"
    //  ],
    //  "properties": {
    //    "attributes": {
    //      "enabled": true
    //    }
    //  }
    //},
    {
      "type": "Microsoft.KeyVault/vaults/secrets",
      "apiVersion": "2021-06-01-preview",
      "name": "[concat(parameters('keyvault_name'), '/DokstorApiBaseUrl')]",
      "location": "[parameters('location')]",
      "dependsOn": [
        "[resourceId('Microsoft.KeyVault/vaults', parameters('keyvault_name'))]"
      ],
      "properties": {
        "value": "http://omnicore-dokstor-api",
        "attributes": {
          "enabled": true
        }
      }
    },
    //{
    //  "type": "Microsoft.KeyVault/vaults/secrets",
    //  "apiVersion": "2021-06-01-preview",
    //  "name": "[concat(parameters('keyvault_name'), '/DokstorApiDatabaseConnectionString')]",
    //  "location": "[parameters('location')]",
    //  "dependsOn": [
    //    "[resourceId('Microsoft.KeyVault/vaults', parameters('keyvault_name'))]"
    //  ],
    //  "properties": {
    //    "attributes": {
    //      "enabled": true
    //    }
    //  }
    //},
    //{
    //  "type": "Microsoft.KeyVault/vaults/secrets",
    //  "apiVersion": "2021-06-01-preview",
    //  "name": "[concat(parameters('keyvault_name'), '/DokstorClientBaseUrl')]",
    //  "location": "[parameters('location')]",
    //  "dependsOn": [
    //    "[resourceId('Microsoft.KeyVault/vaults', parameters('keyvault_name'))]"
    //  ],
    //  "properties": {
    //    "value": "[parameters('DokstorClientBaseUrl')]",
    //    "attributes": {
    //      "enabled": true
    //    }
    //  }
    //},
    //{
    //  "type": "Microsoft.KeyVault/vaults/secrets",
    //  "apiVersion": "2021-06-01-preview",
    //  "name": "[concat(parameters('keyvault_name'), '/DokstorClientBearerToken')]",
    //  "location": "[parameters('location')]",
    //  "dependsOn": [
    //    "[resourceId('Microsoft.KeyVault/vaults', parameters('keyvault_name'))]"
    //  ],
    //  "properties": {
    //    "value": "[parameters('DokstorClientBearerToken')]",
    //    "attributes": {
    //      "enabled": true
    //    }
    //  }
    //},
    //{
    //  "type": "Microsoft.KeyVault/vaults/secrets",
    //  "apiVersion": "2021-06-01-preview",
    //  "name": "[concat(parameters('keyvault_name'), '/DokstorClientOverrideSslValidation')]",
    //  "location": "[parameters('location')]",
    //  "dependsOn": [
    //    "[resourceId('Microsoft.KeyVault/vaults', parameters('keyvault_name'))]"
    //  ],
    //  "properties": {
    //    "value": "[parameters('DokstorClientOverrideSslValidation')]",
    //    "attributes": {
    //      "enabled": true
    //    }
    //  }
    //},
    //{
    //  "type": "Microsoft.KeyVault/vaults/secrets",
    //  "apiVersion": "2021-06-01-preview",
    //  "name": "[concat(parameters('keyvault_name'), '/EventPublisherDbConnectionString')]",
    //  "location": "[parameters('location')]",
    //  "dependsOn": [
    //    "[resourceId('Microsoft.KeyVault/vaults', parameters('keyvault_name'))]"
    //  ],
    //  "tags": {
    //    "Service": "EventPublisher"
    //  },
    //  "properties": {
    //    "attributes": {
    //      "enabled": true
    //    }
    //  }
    //},
    //{
    //  "type": "Microsoft.KeyVault/vaults/secrets",
    //  "apiVersion": "2021-06-01-preview",
    //  "name": "[concat(parameters('keyvault_name'), '/IdentityDbConnectionString')]",
    //  "location": "[parameters('location')]",
    //  "dependsOn": [
    //    "[resourceId('Microsoft.KeyVault/vaults', parameters('keyvault_name'))]"
    //  ],
    //  "properties": {
    //    "attributes": {
    //      "enabled": true
    //    }
    //  }
    //},
    {
      "type": "Microsoft.KeyVault/vaults/secrets",
      "apiVersion": "2021-06-01-preview",
      "name": "[concat(parameters('keyvault_name'), '/KycApiBaseUrl')]",
      "location": "[parameters('location')]",
      "dependsOn": [
        "[resourceId('Microsoft.KeyVault/vaults', parameters('keyvault_name'))]"
      ],
      "properties": {
        "value": "http://omnicore-kyc-api",
        "attributes": {
          "enabled": true
        }
      }
    },
    //{
    //  "type": "Microsoft.KeyVault/vaults/secrets",
    //  "apiVersion": "2021-06-01-preview",
    //  "name": "[concat(parameters('keyvault_name'), '/MasterAccountControllerDbConnectionString')]",
    //  "location": "[parameters('location')]",
    //  "dependsOn": [
    //    "[resourceId('Microsoft.KeyVault/vaults', parameters('keyvault_name'))]"
    //  ],
    //  "properties": {
    //    "attributes": {
    //      "enabled": true
    //    }
    //  }
    //},
    {
      "type": "Microsoft.KeyVault/vaults/secrets",
      "apiVersion": "2021-06-01-preview",
      "name": "[concat(parameters('keyvault_name'), '/MasterAccountControllerOptionsBaseAddress')]",
      "location": "[parameters('location')]",
      "dependsOn": [
        "[resourceId('Microsoft.KeyVault/vaults', parameters('keyvault_name'))]"
      ],
      "properties": {
        "value": "http://omnicore-masteraccountcontroller-api",
        "attributes": {
          "enabled": true
        }
      }
    },
    //{
    //  "type": "Microsoft.KeyVault/vaults/secrets",
    //  "apiVersion": "2021-06-01-preview",
    //  "name": "[concat(parameters('keyvault_name'), '/MasterDBConnectionString')]",
    //  "location": "[parameters('location')]",
    //  "dependsOn": [
    //    "[resourceId('Microsoft.KeyVault/vaults', parameters('keyvault_name'))]"
    //  ],
    //  "properties": {
    //    "attributes": {
    //      "enabled": true
    //    }
    //  }
    //},
    {
      "type": "Microsoft.KeyVault/vaults/secrets",
      "apiVersion": "2021-06-01-preview",
      "name": "[concat(parameters('keyvault_name'), '/NotificationsApiBaseUrl')]",
      "location": "[parameters('location')]",
      "dependsOn": [
        "[resourceId('Microsoft.KeyVault/vaults', parameters('keyvault_name'))]"
      ],
      "properties": {
        "value": "http://omnicore-notifications-api",
        "attributes": {
          "enabled": true
        }
      }
    },
    //{
    //  "type": "Microsoft.KeyVault/vaults/secrets",
    //  "apiVersion": "2021-06-01-preview",
    //  "name": "[concat(parameters('keyvault_name'), '/NotificationsApiDatabaseConnectionString')]",
    //  "location": "[parameters('location')]",
    //  "dependsOn": [
    //    "[resourceId('Microsoft.KeyVault/vaults', parameters('keyvault_name'))]"
    //  ],
    //  "properties": {
    //    "attributes": {
    //      "enabled": true
    //    }
    //  }
    //},
    //{
    //  "type": "Microsoft.KeyVault/vaults/secrets",
    //  "apiVersion": "2021-06-01-preview",
    //  "name": "[concat(parameters('keyvault_name'), '/NotificationsEmailSmtpHostName')]",
    //  "location": "[parameters('location')]",
    //  "dependsOn": [
    //    "[resourceId('Microsoft.KeyVault/vaults', parameters('keyvault_name'))]"
    //  ],
    //  "properties": {
    //    "attributes": {
    //      "enabled": true
    //    }
    //  }
    //},
    //{
    //  "type": "Microsoft.KeyVault/vaults/secrets",
    //  "apiVersion": "2021-06-01-preview",
    //  "name": "[concat(parameters('keyvault_name'), '/NotificationsEmailSmtpPassword')]",
    //  "location": "[parameters('location')]",
    //  "dependsOn": [
    //    "[resourceId('Microsoft.KeyVault/vaults', parameters('keyvault_name'))]"
    //  ],
    //  "properties": {
    //    "attributes": {
    //      "enabled": true
    //    }
    //  }
    //},
    //{
    //  "type": "Microsoft.KeyVault/vaults/secrets",
    //  "apiVersion": "2021-06-01-preview",
    //  "name": "[concat(parameters('keyvault_name'), '/NotificationsEmailSmtpPortNumber')]",
    //  "location": "[parameters('location')]",
    //  "dependsOn": [
    //    "[resourceId('Microsoft.KeyVault/vaults', parameters('keyvault_name'))]"
    //  ],
    //  "properties": {
    //    "attributes": {
    //      "enabled": true
    //    }
    //  }
    //},
    //{
    //  "type": "Microsoft.KeyVault/vaults/secrets",
    //  "apiVersion": "2021-06-01-preview",
    //  "name": "[concat(parameters('keyvault_name'), '/NotificationsEmailSmtpUserName')]",
    //  "location": "[parameters('location')]",
    //  "dependsOn": [
    //    "[resourceId('Microsoft.KeyVault/vaults', parameters('keyvault_name'))]"
    //  ],
    //  "properties": {
    //    "attributes": {
    //      "enabled": true
    //    }
    //  }
    //},
    {
      "type": "Microsoft.KeyVault/vaults/secrets",
      "apiVersion": "2021-06-01-preview",
      "name": "[concat(parameters('keyvault_name'), '/NotificationsGatewayApiBaseUrl')]",
      "location": "[parameters('location')]",
      "dependsOn": [
        "[resourceId('Microsoft.KeyVault/vaults', parameters('keyvault_name'))]"
      ],
      "properties": {
        "value": "http://omnicore-notifications-gateway-api",
        "attributes": {
          "enabled": true
        }
      }
    },
    //{
    //  "type": "Microsoft.KeyVault/vaults/secrets",
    //  "apiVersion": "2021-06-01-preview",
    //  "name": "[concat(parameters('keyvault_name'), '/OmniProcessorTransactionRepositoryConnectionString')]",
    //  "location": "[parameters('location')]",
    //  "dependsOn": [
    //    "[resourceId('Microsoft.KeyVault/vaults', parameters('keyvault_name'))]"
    //  ],
    //  "properties": {
    //    "attributes": {
    //      "enabled": true
    //    }
    //  }
    //},
    //{
    //  "type": "Microsoft.KeyVault/vaults/secrets",
    //  "apiVersion": "2021-06-01-preview",
    //  "name": "[concat(parameters('keyvault_name'), '/OmniProcessorVoxTenantCode')]",
    //  "location": "[parameters('location')]",
    //  "dependsOn": [
    //    "[resourceId('Microsoft.KeyVault/vaults', parameters('keyvault_name'))]"
    //  ],
    //  "properties": {
    //    "attributes": {
    //      "enabled": true
    //    }
    //  }
    //},
    //{
    //  "type": "Microsoft.KeyVault/vaults/secrets",
    //  "apiVersion": "2021-06-01-preview",
    //  "name": "[concat(parameters('keyvault_name'), '/OmniProcessorVoxTenantDbConnectionString')]",
    //  "location": "[parameters('location')]",
    //  "dependsOn": [
    //    "[resourceId('Microsoft.KeyVault/vaults', parameters('keyvault_name'))]"
    //  ],
    //  "properties": {
    //    "attributes": {
    //      "enabled": true
    //    }
    //  }
    //},
    //{
    //  "type": "Microsoft.KeyVault/vaults/secrets",
    //  "apiVersion": "2021-06-01-preview",
    //  "name": "[concat(parameters('keyvault_name'), '/OmniProcessorVoxTenantName')]",
    //  "location": "[parameters('location')]",
    //  "dependsOn": [
    //    "[resourceId('Microsoft.KeyVault/vaults', parameters('keyvault_name'))]"
    //  ],
    //  "properties": {
    //    "attributes": {
    //      "enabled": true
    //    }
    //  }
    //},
    {
      "type": "Microsoft.KeyVault/vaults/secrets",
      "apiVersion": "2021-06-01-preview",
      "name": "[concat(parameters('keyvault_name'), '/OnboardingApiBaseUrl')]",
      "location": "[parameters('location')]",
      "dependsOn": [
        "[resourceId('Microsoft.KeyVault/vaults', parameters('keyvault_name'))]"
      ],
      "properties": {
        "value": "http://omnicore-onboarding-api",
        "attributes": {
          "enabled": true
        }
      }
    },
    {
      "type": "Microsoft.KeyVault/vaults/secrets",
      "apiVersion": "2021-06-01-preview",
      "name": "[concat(parameters('keyvault_name'), '/OpenBankingApiBaseAddress')]",
      "location": "[parameters('location')]",
      "dependsOn": [
        "[resourceId('Microsoft.KeyVault/vaults', parameters('keyvault_name'))]"
      ],
      "properties": {
        "value": "http://omnicore-openbanking-api/openbanking/v1/",
        "attributes": {
          "enabled": true
        }
      }
    },
    {
      "type": "Microsoft.KeyVault/vaults/secrets",
      "apiVersion": "2021-06-01-preview",
      "name": "[concat(parameters('keyvault_name'), '/OpenBankingProviderApiBaseAddress')]",
      "location": "[parameters('location')]",
      "dependsOn": [
        "[resourceId('Microsoft.KeyVault/vaults', parameters('keyvault_name'))]"
      ],
      "properties": {
        "value": "http://omnicore-openbanking-api/openbanking/v1/provider/",
        "attributes": {
          "enabled": true
        }
      }
    },
    {
      "type": "Microsoft.KeyVault/vaults/secrets",
      "apiVersion": "2021-06-01-preview",
      "name": "[concat(parameters('keyvault_name'), '/PaymentNotificationsApiEndpoint')]",
      "location": "[parameters('location')]",
      "dependsOn": [
        "[resourceId('Microsoft.KeyVault/vaults', parameters('keyvault_name'))]"
      ],
      "properties": {
        "value": "http://omnicore-paymentnotifications-api",
        "attributes": {
          "enabled": true
        }
      }
    },
    //{
    //  "type": "Microsoft.KeyVault/vaults/secrets",
    //  "apiVersion": "2021-06-01-preview",
    //  "name": "[concat(parameters('keyvault_name'), '/PaymentNotificationsApiSigningKey')]",
    //  "location": "[parameters('location')]",
    //  "dependsOn": [
    //    "[resourceId('Microsoft.KeyVault/vaults', parameters('keyvault_name'))]"
    //  ],
    //  "properties": {
    //    "attributes": {
    //      "enabled": true
    //    }
    //  }
    //},
    //{
    //  "type": "Microsoft.KeyVault/vaults/secrets",
    //  "apiVersion": "2021-06-01-preview",
    //  "name": "[concat(parameters('keyvault_name'), '/PaymentNotificationsDbConnectionString')]",
    //  "location": "[parameters('location')]",
    //  "dependsOn": [
    //    "[resourceId('Microsoft.KeyVault/vaults', parameters('keyvault_name'))]"
    //  ],
    //  "properties": {
    //    "attributes": {
    //      "enabled": true
    //    }
    //  }
    //},
    {
      "type": "Microsoft.KeyVault/vaults/secrets",
      "apiVersion": "2021-06-01-preview",
      "name": "[concat(parameters('keyvault_name'), '/PaymentNotificationsEnvironment')]",
      "location": "[parameters('location')]",
      "dependsOn": [
        "[resourceId('Microsoft.KeyVault/vaults', parameters('keyvault_name'))]"
      ],
      "properties": {
        "value": "[parameters('PaymentNotificationsEnvironment')]",
        "attributes": {
          "enabled": true
        }
      }
    },
    //{
    //  "type": "Microsoft.KeyVault/vaults/secrets",
    //  "apiVersion": "2021-06-01-preview",
    //  "name": "[concat(parameters('keyvault_name'), '/PaymentNotificationsTenant')]",
    //  "location": "[parameters('location')]",
    //  "dependsOn": [
    //    "[resourceId('Microsoft.KeyVault/vaults', parameters('keyvault_name'))]"
    //  ],
    //  "properties": {
    //    "attributes": {
    //      "enabled": true
    //    }
    //  }
    //},
    //{
    //  "type": "Microsoft.KeyVault/vaults/secrets",
    //  "apiVersion": "2021-06-01-preview",
    //  "name": "[concat(parameters('keyvault_name'), '/PaymentsDbConnectionString')]",
    //  "location": "[parameters('location')]",
    //  "dependsOn": [
    //    "[resourceId('Microsoft.KeyVault/vaults', parameters('keyvault_name'))]"
    //  ],
    //  "properties": {
    //    "attributes": {
    //      "enabled": true
    //    }
    //  }
    //},
    //{
    //  "type": "Microsoft.KeyVault/vaults/secrets",
    //  "apiVersion": "2021-06-01-preview",
    //  "name": "[concat(parameters('keyvault_name'), '/PaymentsSbConnectionString')]",
    //  "location": "[parameters('location')]",
    //  "dependsOn": [
    //    "[resourceId('Microsoft.KeyVault/vaults', parameters('keyvault_name'))]"
    //  ],
    //  "properties": {
    //    "contentType": "text/plain",
    //    "attributes": {
    //      "enabled": true
    //    }
    //  }
    //},
    {
      "type": "Microsoft.KeyVault/vaults/secrets",
      "apiVersion": "2021-06-01-preview",
      "name": "[concat(parameters('keyvault_name'), '/PaymentsSbQueueName')]",
      "location": "[parameters('location')]",
      "dependsOn": [
        "[resourceId('Microsoft.KeyVault/vaults', parameters('keyvault_name'))]"
      ],
      "properties": {
        "value": "starlingbankjobs",
        "attributes": {
          "enabled": true
        }
      }
    },
    //{
    //  "type": "Microsoft.KeyVault/vaults/secrets",
    //  "apiVersion": "2021-06-01-preview",
    //  "name": "[concat(parameters('keyvault_name'), '/PaymentsStarlingApiEndpoint')]",
    //  "location": "[parameters('location')]",
    //  "dependsOn": [
    //    "[resourceId('Microsoft.KeyVault/vaults', parameters('keyvault_name'))]"
    //  ],
    //  "properties": {
    //    "attributes": {
    //      "enabled": true
    //    }
    //  }
    //},
    //{
    //  "type": "Microsoft.KeyVault/vaults/secrets",
    //  "apiVersion": "2021-06-01-preview",
    //  "name": "[concat(parameters('keyvault_name'), '/PaymentsStarlingApiSigningKey')]",
    //  "location": "[parameters('location')]",
    //  "dependsOn": [
    //    "[resourceId('Microsoft.KeyVault/vaults', parameters('keyvault_name'))]"
    //  ],
    //  "properties": {
    //    "attributes": {
    //      "enabled": true
    //    }
    //  }
    //},
    //{
    //  "type": "Microsoft.KeyVault/vaults/secrets",
    //  "apiVersion": "2021-06-01-preview",
    //  "name": "[concat(parameters('keyvault_name'), '/PaymentsStarlingApiSigningKeyId')]",
    //  "location": "[parameters('location')]",
    //  "dependsOn": [
    //    "[resourceId('Microsoft.KeyVault/vaults', parameters('keyvault_name'))]"
    //  ],
    //  "properties": {
    //    "attributes": {
    //      "enabled": true
    //    }
    //  }
    //},
    //{
    //  "type": "Microsoft.KeyVault/vaults/secrets",
    //  "apiVersion": "2021-06-01-preview",
    //  "name": "[concat(parameters('keyvault_name'), '/PaymentsStarlingTenantAddressSortCode')]",
    //  "location": "[parameters('location')]",
    //  "dependsOn": [
    //    "[resourceId('Microsoft.KeyVault/vaults', parameters('keyvault_name'))]"
    //  ],
    //  "properties": {
    //    "attributes": {
    //      "enabled": true
    //    }
    //  }
    //},
    //{
    //  "type": "Microsoft.KeyVault/vaults/secrets",
    //  "apiVersion": "2021-06-01-preview",
    //  "name": "[concat(parameters('keyvault_name'), '/PaymentsStarlingTenantBusinessId')]",
    //  "location": "[parameters('location')]",
    //  "dependsOn": [
    //    "[resourceId('Microsoft.KeyVault/vaults', parameters('keyvault_name'))]"
    //  ],
    //  "properties": {
    //    "attributes": {
    //      "enabled": true
    //    }
    //  }
    //},
    //{
    //  "type": "Microsoft.KeyVault/vaults/secrets",
    //  "apiVersion": "2021-06-01-preview",
    //  "name": "[concat(parameters('keyvault_name'), '/PaymentsStarlingTenantCallbackSigningKey')]",
    //  "location": "[parameters('location')]",
    //  "dependsOn": [
    //    "[resourceId('Microsoft.KeyVault/vaults', parameters('keyvault_name'))]"
    //  ],
    //  "properties": {
    //    "attributes": {
    //      "enabled": true
    //    }
    //  }
    //},
    {
      "type": "Microsoft.KeyVault/vaults/secrets",
      "apiVersion": "2021-06-01-preview",
      "name": "[concat(parameters('keyvault_name'), '/PersonApiClientOptionsBaseAddress')]",
      "location": "[parameters('location')]",
      "dependsOn": [
        "[resourceId('Microsoft.KeyVault/vaults', parameters('keyvault_name'))]"
      ],
      "properties": {
        "value": "http://omnicore-person-api",
        "attributes": {
          "enabled": true
        }
      }
    },
    //{
    //  "type": "Microsoft.KeyVault/vaults/secrets",
    //  "apiVersion": "2021-06-01-preview",
    //  "name": "[concat(parameters('keyvault_name'), '/PersonApiDatabaseConnectionString')]",
    //  "location": "[parameters('location')]",
    //  "dependsOn": [
    //    "[resourceId('Microsoft.KeyVault/vaults', parameters('keyvault_name'))]"
    //  ],
    //  "properties": {
    //    "attributes": {
    //      "enabled": true
    //    }
    //  }
    //},
    {
      "type": "Microsoft.KeyVault/vaults/secrets",
      "apiVersion": "2021-06-01-preview",
      "name": "[concat(parameters('keyvault_name'), '/RoboliticsBaseUrl')]",
      "location": "[parameters('location')]",
      "dependsOn": [
        "[resourceId('Microsoft.KeyVault/vaults', parameters('keyvault_name'))]"
      ],
      "properties": {
        "value": "[parameters('RoboliticsBaseUrl')]",
        "attributes": {
          "enabled": true
        }
      }
    },
    {
      "type": "Microsoft.KeyVault/vaults/secrets",
      "apiVersion": "2021-06-01-preview",
      "name": "[concat(parameters('keyvault_name'), '/RoboliticsDisableCertificateChecks')]",
      "location": "[parameters('location')]",
      "dependsOn": [
        "[resourceId('Microsoft.KeyVault/vaults', parameters('keyvault_name'))]"
      ],
      "properties": {
        "value": "[parameters('RoboliticsDisableCertificateChecks')]",
        "attributes": {
          "enabled": true
        }
      }
    },
    //{
    //  "type": "Microsoft.KeyVault/vaults/secrets",
    //  "apiVersion": "2021-06-01-preview",
    //  "name": "[concat(parameters('keyvault_name'), '/RoboliticsToken')]",
    //  "location": "[parameters('location')]",
    //  "dependsOn": [
    //    "[resourceId('Microsoft.KeyVault/vaults', parameters('keyvault_name'))]"
    //  ],
    //  "properties": {
    //    "attributes": {
    //      "enabled": true
    //    }
    //  }
    //},
    //{
    //  "type": "Microsoft.KeyVault/vaults/secrets",
    //  "apiVersion": "2021-06-01-preview",
    //  "name": "[concat(parameters('keyvault_name'), '/SaltEdgeAppId')]",
    //  "location": "[parameters('location')]",
    //  "dependsOn": [
    //    "[resourceId('Microsoft.KeyVault/vaults', parameters('keyvault_name'))]"
    //  ],
    //  "properties": {
    //    "attributes": {
    //      "enabled": true
    //    }
    //  }
    //},
    //{
    //  "type": "Microsoft.KeyVault/vaults/secrets",
    //  "apiVersion": "2021-06-01-preview",
    //  "name": "[concat(parameters('keyvault_name'), '/SaltEdgeAppSecret')]",
    //  "location": "[parameters('location')]",
    //  "dependsOn": [
    //    "[resourceId('Microsoft.KeyVault/vaults', parameters('keyvault_name'))]"
    //  ],
    //  "properties": {
    //    "attributes": {
    //      "enabled": true
    //    }
    //  }
    //},
    {
      "type": "Microsoft.KeyVault/vaults/secrets",
      "apiVersion": "2021-06-01-preview",
      "name": "[concat(parameters('keyvault_name'), '/SaltEdgeBaseUrl')]",
      "location": "[parameters('location')]",
      "dependsOn": [
        "[resourceId('Microsoft.KeyVault/vaults', parameters('keyvault_name'))]"
      ],
      "properties": {
        "value": "[parameters('SaltEdgeBaseUrl')]",
        "attributes": {
          "enabled": true
        }
      }
    },
    {
      "type": "Microsoft.KeyVault/vaults/secrets",
      "apiVersion": "2021-06-01-preview",
      "name": "[concat(parameters('keyvault_name'), '/SaltEdgeConnectorConsentBaseUrl')]",
      "location": "[parameters('location')]",
      "dependsOn": [
        "[resourceId('Microsoft.KeyVault/vaults', parameters('keyvault_name'))]"
      ],
      "properties": {
        "value": "http://omnicore-saltedgeconnector-api/api/saltedgeconnector/v1/consent/",
        "attributes": {
          "enabled": true
        }
      }
    },
    //{
    //  "type": "Microsoft.KeyVault/vaults/secrets",
    //  "apiVersion": "2021-06-01-preview",
    //  "name": "[concat(parameters('keyvault_name'), '/SaltEdgeConnectorDbConnectionString')]",
    //  "location": "[parameters('location')]",
    //  "dependsOn": [
    //    "[resourceId('Microsoft.KeyVault/vaults', parameters('keyvault_name'))]"
    //  ],
    //  "properties": {
    //    "attributes": {
    //      "enabled": true
    //    }
    //  }
    //},
    {
      "type": "Microsoft.KeyVault/vaults/secrets",
      "apiVersion": "2021-06-01-preview",
      "name": "[concat(parameters('keyvault_name'), '/SaltEdgeConnectorPaymentBaseUrl')]",
      "location": "[parameters('location')]",
      "dependsOn": [
        "[resourceId('Microsoft.KeyVault/vaults', parameters('keyvault_name'))]"
      ],
      "properties": {
        "value": "http://omnicore-saltedgeconnector-api/api/saltedgeconnector/v1/payment/",
        "attributes": {
          "enabled": true
        }
      }
    },
    //{
    //  "type": "Microsoft.KeyVault/vaults/secrets",
    //  "apiVersion": "2021-06-01-preview",
    //  "name": "[concat(parameters('keyvault_name'), '/SaltEdgeSigningKey')]",
    //  "location": "[parameters('location')]",
    //  "dependsOn": [
    //    "[resourceId('Microsoft.KeyVault/vaults', parameters('keyvault_name'))]"
    //  ],
    //  "properties": {
    //    "attributes": {
    //      "enabled": true
    //    }
    //  }
    //},
    //{
    //  "type": "Microsoft.KeyVault/vaults/secrets",
    //  "apiVersion": "2021-06-01-preview",
    //  "name": "[concat(parameters('keyvault_name'), '/SdsApiAzureStorageConfigurationConnectionString')]",
    //  "location": "[parameters('location')]",
    //  "dependsOn": [
    //    "[resourceId('Microsoft.KeyVault/vaults', parameters('keyvault_name'))]"
    //  ],
    //  "properties": {
    //    "attributes": {
    //      "enabled": true
    //    }
    //  }
    //},
    {
      "type": "Microsoft.KeyVault/vaults/secrets",
      "apiVersion": "2021-06-01-preview",
      "name": "[concat(parameters('keyvault_name'), '/SdsApiBaseUrl')]",
      "location": "[parameters('location')]",
      "dependsOn": [
        "[resourceId('Microsoft.KeyVault/vaults', parameters('keyvault_name'))]"
      ],
      "properties": {
        "value": "http://omnicore-secure-document-storage-api",
        "attributes": {
          "enabled": true
        }
      }
    },
    //{
    //  "type": "Microsoft.KeyVault/vaults/secrets",
    //  "apiVersion": "2021-06-01-preview",
    //  "name": "[concat(parameters('keyvault_name'), '/SdsApiDatabaseConfigurationConnectionString')]",
    //  "location": "[parameters('location')]",
    //  "dependsOn": [
    //    "[resourceId('Microsoft.KeyVault/vaults', parameters('keyvault_name'))]"
    //  ],
    //  "properties": {
    //    "attributes": {
    //      "enabled": true
    //    }
    //  }
    //},
    {
      "type": "Microsoft.KeyVault/vaults/secrets",
      "apiVersion": "2021-06-01-preview",
      "name": "[concat(parameters('keyvault_name'), '/T2ApiVersionCompatibility')]",
      "location": "[parameters('location')]",
      "dependsOn": [
        "[resourceId('Microsoft.KeyVault/vaults', parameters('keyvault_name'))]"
      ],
      "properties": {
        "value": "1.4.1",
        "attributes": {
          "enabled": true
        }
      }
    },
    {
      "type": "Microsoft.KeyVault/vaults/secrets",
      "apiVersion": "2021-06-01-preview",
      "name": "[concat(parameters('keyvault_name'), '/T2BaseAddress')]",
      "location": "[parameters('location')]",
      "dependsOn": [
        "[resourceId('Microsoft.KeyVault/vaults', parameters('keyvault_name'))]"
      ],
      "properties": {
        "value": "[parameters('T2BaseAddress')]",
        "attributes": {
          "enabled": true
        }
      }
    },
    //{
    //  "type": "Microsoft.KeyVault/vaults/secrets",
    //  "apiVersion": "2021-06-01-preview",
    //  "name": "[concat(parameters('keyvault_name'), '/T2SigningSecret')]",
    //  "location": "[parameters('location')]",
    //  "dependsOn": [
    //    "[resourceId('Microsoft.KeyVault/vaults', parameters('keyvault_name'))]"
    //  ],
    //  "properties": {
    //    "attributes": {
    //      "enabled": true
    //    }
    //  }
    //},
    //{
    //  "type": "Microsoft.KeyVault/vaults/secrets",
    //  "apiVersion": "2021-06-01-preview",
    //  "name": "[concat(parameters('keyvault_name'), '/T2TenantPasswordMbs')]",
    //  "location": "[parameters('location')]",
    //  "dependsOn": [
    //    "[resourceId('Microsoft.KeyVault/vaults', parameters('keyvault_name'))]"
    //  ],
    //  "properties": {
    //    "attributes": {
    //      "enabled": true
    //    }
    //  }
    //},
    //{
    //  "type": "Microsoft.KeyVault/vaults/secrets",
    //  "apiVersion": "2021-06-01-preview",
    //  "name": "[concat(parameters('keyvault_name'), '/T2TenantUsernameMbs')]",
    //  "location": "[parameters('location')]",
    //  "dependsOn": [
    //    "[resourceId('Microsoft.KeyVault/vaults', parameters('keyvault_name'))]"
    //  ],
    //  "properties": {
    //    "attributes": {
    //      "enabled": true
    //    }
    //  }
    //},
    //{
    //  "type": "Microsoft.KeyVault/vaults/secrets",
    //  "apiVersion": "2021-06-01-preview",
    //  "name": "[concat(parameters('keyvault_name'), '/T2Username')]",
    //  "location": "[parameters('location')]",
    //  "dependsOn": [
    //    "[resourceId('Microsoft.KeyVault/vaults', parameters('keyvault_name'))]"
    //  ],
    //  "properties": {
    //    "attributes": {
    //      "enabled": true
    //    }
    //  }
    //},
    //{
    //  "type": "Microsoft.KeyVault/vaults/secrets",
    //  "apiVersion": "2021-06-01-preview",
    //  "name": "[concat(parameters('keyvault_name'), '/T2VoxBaseAddress')]",
    //  "location": "[parameters('location')]",
    //  "dependsOn": [
    //    "[resourceId('Microsoft.KeyVault/vaults', parameters('keyvault_name'))]"
    //  ],
    //  "properties": {
    //    "attributes": {
    //      "enabled": true
    //    }
    //  }
    //},
    //{
    //  "type": "Microsoft.KeyVault/vaults/secrets",
    //  "apiVersion": "2021-06-01-preview",
    //  "name": "[concat(parameters('keyvault_name'), '/T2VoxPassword')]",
    //  "location": "[parameters('location')]",
    //  "dependsOn": [
    //    "[resourceId('Microsoft.KeyVault/vaults', parameters('keyvault_name'))]"
    //  ],
    //  "properties": {
    //    "attributes": {
    //      "enabled": true
    //    }
    //  }
    //},
    //{
    //  "type": "Microsoft.KeyVault/vaults/secrets",
    //  "apiVersion": "2021-06-01-preview",
    //  "name": "[concat(parameters('keyvault_name'), '/T2VoxPasswordEscaped')]",
    //  "location": "[parameters('location')]",
    //  "dependsOn": [
    //    "[resourceId('Microsoft.KeyVault/vaults', parameters('keyvault_name'))]"
    //  ],
    //  "properties": {
    //    "attributes": {
    //      "enabled": true
    //    }
    //  }
    //},
    //{
    //  "type": "Microsoft.KeyVault/vaults/secrets",
    //  "apiVersion": "2021-06-01-preview",
    //  "name": "[concat(parameters('keyvault_name'), '/T2VoxTokenEndpoint')]",
    //  "location": "[parameters('location')]",
    //  "dependsOn": [
    //    "[resourceId('Microsoft.KeyVault/vaults', parameters('keyvault_name'))]"
    //  ],
    //  "properties": {
    //    "attributes": {
    //      "enabled": true
    //    }
    //  }
    //},
    //{
    //  "type": "Microsoft.KeyVault/vaults/secrets",
    //  "apiVersion": "2021-06-01-preview",
    //  "name": "[concat(parameters('keyvault_name'), '/T2VoxUsername')]",
    //  "location": "[parameters('location')]",
    //  "dependsOn": [
    //    "[resourceId('Microsoft.KeyVault/vaults', parameters('keyvault_name'))]"
    //  ],
    //  "properties": {
    //    "attributes": {
    //      "enabled": true
    //    }
    //  }
    //},
    //{
    //  "type": "Microsoft.KeyVault/vaults/secrets",
    //  "apiVersion": "2021-06-01-preview",
    //  "name": "[concat(parameters('keyvault_name'), '/TenantDbConnectionString')]",
    //  "location": "[parameters('location')]",
    //  "dependsOn": [
    //    "[resourceId('Microsoft.KeyVault/vaults', parameters('keyvault_name'))]"
    //  ],
    //  "properties": {
    //    "attributes": {
    //      "enabled": true
    //    }
    //  }
    //},
    //{
    //  "type": "Microsoft.KeyVault/vaults/secrets",
    //  "apiVersion": "2021-06-01-preview",
    //  "name": "[concat(parameters('keyvault_name'), '/TenantIdVox')]",
    //  "location": "[parameters('location')]",
    //  "dependsOn": [
    //    "[resourceId('Microsoft.KeyVault/vaults', parameters('keyvault_name'))]"
    //  ],
    //  "properties": {
    //    "attributes": {
    //      "enabled": true
    //    }
    //  }
    //},
    //{
    //  "type": "Microsoft.KeyVault/vaults/secrets",
    //  "apiVersion": "2021-06-01-preview",
    //  "name": "[concat(parameters('keyvault_name'), '/TenantNameVox')]",
    //  "location": "[parameters('location')]",
    //  "dependsOn": [
    //    "[resourceId('Microsoft.KeyVault/vaults', parameters('keyvault_name'))]"
    //  ],
    //  "properties": {
    //    "attributes": {
    //      "enabled": true
    //    }
    //  }
    //},
    //{
    //  "type": "Microsoft.KeyVault/vaults/secrets",
    //  "apiVersion": "2021-06-01-preview",
    //  "name": "[concat(parameters('keyvault_name'), '/TokenSigningKey')]",
    //  "location": "[parameters('location')]",
    //  "dependsOn": [
    //    "[resourceId('Microsoft.KeyVault/vaults', parameters('keyvault_name'))]"
    //  ],
    //  "properties": {
    //    "attributes": {
    //      "enabled": true
    //    }
    //  }
    //},
    //{
    //  "type": "Microsoft.KeyVault/vaults/secrets",
    //  "apiVersion": "2021-06-01-preview",
    //  "name": "[concat(parameters('keyvault_name'), '/TransactionDbConnectionString')]",
    //  "location": "[parameters('location')]",
    //  "dependsOn": [
    //    "[resourceId('Microsoft.KeyVault/vaults', parameters('keyvault_name'))]"
    //  ],
    //  "properties": {
    //    "attributes": {
    //      "enabled": true
    //    }
    //  }
    //},
    //{
    //  "type": "Microsoft.KeyVault/vaults/secrets",
    //  "apiVersion": "2021-06-01-preview",
    //  "name": "[concat(parameters('keyvault_name'), '/TwilioAccountSid')]",
    //  "location": "[parameters('location')]",
    //  "dependsOn": [
    //    "[resourceId('Microsoft.KeyVault/vaults', parameters('keyvault_name'))]"
    //  ],
    //  "properties": {
    //    "attributes": {
    //      "enabled": true
    //    }
    //  }
    //},
    //{
    //  "type": "Microsoft.KeyVault/vaults/secrets",
    //  "apiVersion": "2021-06-01-preview",
    //  "name": "[concat(parameters('keyvault_name'), '/TwilioAuthToken')]",
    //  "location": "[parameters('location')]",
    //  "dependsOn": [
    //    "[resourceId('Microsoft.KeyVault/vaults', parameters('keyvault_name'))]"
    //  ],
    //  "properties": {
    //    "attributes": {
    //      "enabled": true
    //    }
    //  }
    //},
    {
      "type": "Microsoft.KeyVault/vaults/secrets",
      "apiVersion": "2021-06-01-preview",
      "name": "[concat(parameters('keyvault_name'), '/TwilioBaseAddress')]",
      "location": "[parameters('location')]",
      "dependsOn": [
        "[resourceId('Microsoft.KeyVault/vaults', parameters('keyvault_name'))]"
      ],
      "properties": {
        "value": "NotUsed",
        "attributes": {
          "enabled": true
        }
      }
    }
    //{
    //  "type": "Microsoft.KeyVault/vaults/secrets",
    //  "apiVersion": "2021-06-01-preview",
    //  "name": "[concat(parameters('keyvault_name'), '/TwilioVerifyServiceId')]",
    //  "location": "[parameters('location')]",
    //  "dependsOn": [
    //    "[resourceId('Microsoft.KeyVault/vaults', parameters('keyvault_name'))]"
    //  ],
    //  "properties": {
    //    "attributes": {
    //      "enabled": true
    //    }
    //  }
    //},
    //{
    //  "type": "Microsoft.KeyVault/vaults/secrets",
    //  "apiVersion": "2021-06-01-preview",
    //  "name": "[concat(parameters('keyvault_name'), '/UserDbConnectionString')]",
    //  "location": "[parameters('location')]",
    //  "dependsOn": [
    //    "[resourceId('Microsoft.KeyVault/vaults', parameters('keyvault_name'))]"
    //  ],
    //  "properties": {
    //    "attributes": {
    //      "enabled": true
    //    }
    //  }
    //},
    //{
    //  "type": "Microsoft.KeyVault/vaults/secrets",
    //  "apiVersion": "2021-06-01-preview",
    //  "name": "[concat(parameters('keyvault_name'), '/VoxExternalAccountVisaEuropeAccountNumber')]",
    //  "location": "[parameters('location')]",
    //  "dependsOn": [
    //    "[resourceId('Microsoft.KeyVault/vaults', parameters('keyvault_name'))]"
    //  ],
    //  "properties": {
    //    "attributes": {
    //      "enabled": true
    //    }
    //  }
    //},
    //{
    //  "type": "Microsoft.KeyVault/vaults/secrets",
    //  "apiVersion": "2021-06-01-preview",
    //  "name": "[concat(parameters('keyvault_name'), '/VoxExternalAccountVisaEuropeLimitedAccountNumber')]",
    //  "location": "[parameters('location')]",
    //  "dependsOn": [
    //    "[resourceId('Microsoft.KeyVault/vaults', parameters('keyvault_name'))]"
    //  ],
    //  "properties": {
    //    "attributes": {
    //      "enabled": true
    //    }
    //  }
    //},
    //{
    //  "type": "Microsoft.KeyVault/vaults/secrets",
    //  "apiVersion": "2021-06-01-preview",
    //  "name": "[concat(parameters('keyvault_name'), '/VoxExternalAccountVisaEuropeLimitedName')]",
    //  "location": "[parameters('location')]",
    //  "dependsOn": [
    //    "[resourceId('Microsoft.KeyVault/vaults', parameters('keyvault_name'))]"
    //  ],
    //  "properties": {
    //    "attributes": {
    //      "enabled": true
    //    }
    //  }
    //},
    //{
    //  "type": "Microsoft.KeyVault/vaults/secrets",
    //  "apiVersion": "2021-06-01-preview",
    //  "name": "[concat(parameters('keyvault_name'), '/VoxExternalAccountVisaEuropeLimitedSortCode')]",
    //  "location": "[parameters('location')]",
    //  "dependsOn": [
    //    "[resourceId('Microsoft.KeyVault/vaults', parameters('keyvault_name'))]"
    //  ],
    //  "properties": {
    //    "attributes": {
    //      "enabled": true
    //    }
    //  }
    //},
    //{
    //  "type": "Microsoft.KeyVault/vaults/secrets",
    //  "apiVersion": "2021-06-01-preview",
    //  "name": "[concat(parameters('keyvault_name'), '/VoxExternalAccountVisaEuropeName')]",
    //  "location": "[parameters('location')]",
    //  "dependsOn": [
    //    "[resourceId('Microsoft.KeyVault/vaults', parameters('keyvault_name'))]"
    //  ],
    //  "properties": {
    //    "attributes": {
    //      "enabled": true
    //    }
    //  }
    //},
    //{
    //  "type": "Microsoft.KeyVault/vaults/secrets",
    //  "apiVersion": "2021-06-01-preview",
    //  "name": "[concat(parameters('keyvault_name'), '/VoxExternalAccountVisaEuropeSortCode')]",
    //  "location": "[parameters('location')]",
    //  "dependsOn": [
    //    "[resourceId('Microsoft.KeyVault/vaults', parameters('keyvault_name'))]"
    //  ],
    //  "properties": {
    //    "attributes": {
    //      "enabled": true
    //    }
    //  }
    //},
    //{
    //  "type": "Microsoft.KeyVault/vaults/secrets",
    //  "apiVersion": "2021-06-01-preview",
    //  "name": "[concat(parameters('keyvault_name'), '/VoxOpenBankingConsentUrlFormat')]",
    //  "location": "[parameters('location')]",
    //  "dependsOn": [
    //    "[resourceId('Microsoft.KeyVault/vaults', parameters('keyvault_name'))]"
    //  ],
    //  "properties": {
    //    "attributes": {
    //      "enabled": true
    //    }
    //  }
    //},
    //{
    //  "type": "Microsoft.KeyVault/vaults/secrets",
    //  "apiVersion": "2021-06-01-preview",
    //  "name": "[concat(parameters('keyvault_name'), '/VoxOpenBankingDbConnectionString')]",
    //  "location": "[parameters('location')]",
    //  "dependsOn": [
    //    "[resourceId('Microsoft.KeyVault/vaults', parameters('keyvault_name'))]"
    //  ],
    //  "properties": {
    //    "attributes": {
    //      "enabled": true
    //    }
    //  }
    //},
    //{
    //  "type": "Microsoft.KeyVault/vaults/secrets",
    //  "apiVersion": "2021-06-01-preview",
    //  "name": "[concat(parameters('keyvault_name'), '/VoxOpenBankingPaymentUrlFormat')]",
    //  "location": "[parameters('location')]",
    //  "dependsOn": [
    //    "[resourceId('Microsoft.KeyVault/vaults', parameters('keyvault_name'))]"
    //  ],
    //  "properties": {
    //    "attributes": {
    //      "enabled": true
    //    }
    //  }
    //},
    //{
    //  "type": "Microsoft.KeyVault/vaults/secrets",
    //  "apiVersion": "2021-06-01-preview",
    //  "name": "[concat(parameters('keyvault_name'), '/VoxOpenBankingT2AccountsProductName')]",
    //  "location": "[parameters('location')]",
    //  "dependsOn": [
    //    "[resourceId('Microsoft.KeyVault/vaults', parameters('keyvault_name'))]"
    //  ],
    //  "properties": {
    //    "attributes": {
    //      "enabled": true
    //    }
    //  }
    //},
    //{
    //  "type": "Microsoft.KeyVault/vaults/secrets",
    //  "apiVersion": "2021-06-01-preview",
    //  "name": "[concat(parameters('keyvault_name'), '/VoxOpenBankingT2IsAccountSource')]",
    //  "location": "[parameters('location')]",
    //  "dependsOn": [
    //    "[resourceId('Microsoft.KeyVault/vaults', parameters('keyvault_name'))]"
    //  ],
    //  "properties": {
    //    "attributes": {
    //      "enabled": true
    //    }
    //  }
    //},
    //{
    //  "type": "Microsoft.KeyVault/vaults/secrets",
    //  "apiVersion": "2021-06-01-preview",
    //  "name": "[concat(parameters('keyvault_name'), '/VoxOpenBankingT2TransactionsLimit')]",
    //  "location": "[parameters('location')]",
    //  "dependsOn": [
    //    "[resourceId('Microsoft.KeyVault/vaults', parameters('keyvault_name'))]"
    //  ],
    //  "properties": {
    //    "attributes": {
    //      "enabled": true
    //    }
    //  }
    //},
    //{
    //  "type": "Microsoft.KeyVault/vaults/secrets",
    //  "apiVersion": "2021-06-01-preview",
    //  "name": "[concat(parameters('keyvault_name'), '/VoxTenantId')]",
    //  "location": "[parameters('location')]",
    //  "dependsOn": [
    //    "[resourceId('Microsoft.KeyVault/vaults', parameters('keyvault_name'))]"
    //  ],
    //  "properties": {
    //    "attributes": {
    //      "enabled": true
    //    }
    //  }
    //}
  ]
}
