{
    "$schema": "https://schema.management.azure.com/schemas/2019-04-01/deploymentTemplate.json#",
    "contentVersion": "1.0.0.0",
    "metadata": {
        "description": "Create a Redis Cache. Private endpoint.  Private DNS zone.  Virtual network link.  Private DNS zone group. "
    },
    "parameters": {
        "resourcePrefix": {
            "type": "string",
            "defaultValue": "uks-dev-test"
        },
        "redisCacheName": {
            "type": "string",
            "defaultValue": "[concat(parameters('resourcePrefix'), '-rcache')]",
            "metadata": {
                "description": "Specify the name of the Azure Redis Cache to create."
            }
        },
        "location": {
            "type": "string",
            "defaultValue": "[resourceGroup().location]",
            "metadata": {
                "description": "Location of all resources"
            }
        },
        "redisCacheSKU": {
            "type": "string",
            "defaultValue": "Basic",
            "allowedValues": [
                "Basic",
                "Standard",
                "Premium"
            ],
            "metadata": {
                "description": "Specify the pricing tier of the new Azure Redis Cache."
            }
        },
        "redisCacheFamily": {
            "type": "string",
            "defaultValue": "C",
            "allowedValues": [
                "C",
                "P"
            ],
            "metadata": {
                "description": "Specify the family for the sku. C = Basic/Standard, P = Premium."
            }
        },
        "redisCacheCapacity": {
            "type": "int",
            "defaultValue": 0,
            "allowedValues": [
                0,
                1,
                2,
                3,
                4,
                5,
                6
            ],
            "metadata": {
                "description": "Specify the size of the new Azure Redis Cache instance. Valid values: for C (Basic/Standard) family (0, 1, 2, 3, 4, 5, 6), for P (Premium) family (1, 2, 3, 4)"
            }
        },
        "enableNonSslPort": {
            "type": "bool",
            "defaultValue": false,
            "metadata": {
                "description": "Specify a boolean value that indicates whether to allow access via non-SSL ports."
            }
        },
        // "diagnosticsEnabled": {
        //     "type": "bool",
        //     "defaultValue": false,
        //     "metadata": {
        //         "description": "Specify a boolean value that indicates whether diagnostics should be saved to the specified storage account."
        //     }
        // },
        // "diagnosticsStorageAccountName": {
        //     "type": "string",
        //     "defaultValue": "[concat(parameters('resourcePrefix'), '-sto')]",
        //     "metadata": {
        //         "description": "Specify the name of an existing storage account for diagnostics."
        //     }
        // },
        // "diagnosticsStorageAccountResourceGroup": {
        //     "type": "string",
        //     "defaultValue": "[resourceGroup().name]",
        //     "metadata": {
        //         "description": "Specify the resource group name of an existing storage account for diagnostics."
        //     }
        // },
        "virtualNetwork": {
            "type": "string",
            "defaultValue": "[concat(parameters('resourcePrefix'), '-vna')]"
        },
        "endpointName": {
            "type": "string",
            "defaultValue": "[concat(parameters('redisCacheName'), uniqueString(parameters('redisCacheName')))]"
        },
        "privateDnsName": {
            "type": "string",
            "defaultValue": "privatelink.redis.cache.windows.net"
        },
        // "privateDnsZoneGroupName": {
        //     "type": "string",
        //     "defaultValue": "[concat('PrivateDNSZoneGroup', uniqueString(parameters('redisCacheName')))]"
        // },
        "subnetName": {
            "type": "string",
            "defaultValue": "app-gateway"
        },
        "keyVaultName": {
            "type": "string",
            "metadata": {
                "description": "Name of KeyVault to store created secrets into"
            }
        },
        "publicNetworkAccess": {
            "type": "string",
            "defaultValue": "Enabled"
        },
        "tags": {
            "type": "object",
            "defaultValue": {
                "Environment": "Test"
            }
        }
    },
    "variables": {
        "privateDnsZoneId": "[resourceId('Microsoft.Network/privateDnsZones', parameters('privateDnsName'))]",
        "virtualNetworkId": "[resourceId('Microsoft.Network/virtualNetworks', parameters('virtualNetwork'))]",
        "cacheId": "[resourceId('Microsoft.Cache/redis', parameters('redisCacheName'))]"
    },
    "functions": [],
    "resources": [
        {
            "type": "Microsoft.Cache/redis",
            "apiVersion": "2020-06-01",
            "name": "[parameters('redisCacheName')]",
            "location": "[parameters('location')]",
            "tags": "[parameters('tags')]",
            "properties": {
                "enableNonSslPort": "[parameters('enableNonSslPort')]",
                "minimumTlsVersion": "1.2",
                "publicNetworkAccess": "[parameters('publicNetworkAccess')]",
                "sku": {
                    "capacity": "[parameters('redisCacheCapacity')]",
                    "family": "[parameters('redisCacheFamily')]",
                    "name": "[parameters('redisCacheSKU')]"
                }
            }
        },
        // {
        //     "type": "microsoft.insights/diagnosticSettings",
        //     "apiVersion": "2017-05-01-preview",
        //     "scope": "[format('Microsoft.Cache/redis/{0}', parameters('redisCacheName'))]",
        //     "name": "[parameters('redisCacheName')]",
        //     "properties": {
        //         "storageAccountId": "[extensionResourceId(format('/subscriptions/{0}/resourceGroups/{1}', subscription().subscriptionId, parameters('diagnosticsStorageAccountResourceGroup')), 'Microsoft.Storage/storageAccounts', parameters('diagnosticsStorageAccountName'))]",
        //         "metrics": [
        //             {
        //                 "timeGrain": "AllMetrics",
        //                 "enabled": "[parameters('diagnosticsEnabled')]",
        //                 "retentionPolicy": {
        //                     "days": 90,
        //                     "enabled": "[parameters('diagnosticsEnabled')]"
        //                 }
        //             }
        //         ]
        //     },
        //     "dependsOn": [
        //         "[resourceId('Microsoft.Cache/redis', parameters('redisCacheName'))]"
        //     ]
        // },
        {
            "apiVersion": "2019-04-01",
            "name": "[parameters('redisCacheName')]",
            "type": "Microsoft.Network/privateEndpoints",
            "location": "[parameters('location')]",
            "dependsOn": [
                "[format('Microsoft.Cache/redis/{0}', parameters('redisCacheName'))]"
            ],
            "properties": {
                "privateLinkServiceConnections": [
                    {
                        "name": "[concat(parameters('endpointName'), uniqueString(parameters('virtualNetwork')))]",
                        "properties": {
                            "privateLinkServiceId": "[variables('cacheId')]",
                            "groupIds": [
                                "redisCache"
                            ]
                        }
                    }
                ],
                "manualPrivateLinkServiceConnections": [],
                "subnet": {
                    "id": "[ concat(variables('virtualNetworkId'), '/subnets/', parameters('subnetName'))]"
                }
            }
        },
        {
            "type": "Microsoft.Network/privateDnsZones",
            "apiVersion": "2018-09-01",
            "name": "[parameters('privateDnsName')]",
            "location": "global"
        },
        {
            "type": "Microsoft.Network/privateDnsZones/virtualNetworkLinks",
            "apiVersion": "2018-09-01",
            "name": "[concat(parameters('privateDnsName'), '/', uniqueString(parameters('virtualNetwork')))]",
            "location": "global",
            "tags": "[parameters('tags')]",
            "dependsOn": [
                "[resourceId('Microsoft.Network/privateEndpoints', parameters('redisCacheName'))]"
            ],
            "properties": {
                "virtualNetwork": {
                    "id": "[resourceId('Microsoft.Network/virtualNetworks', parameters('virtualNetwork'))]"
                },
                "registrationEnabled": false
            }
        },
        {
            "apiVersion": "2020-03-01",
            "type": "Microsoft.Network/privateEndpoints/privateDnsZoneGroups",
            "name": "[concat(parameters('redisCacheName'), '/default')]",
            "location": "[parameters('location')]",
            //"tags": "[parameters('tags')]",
            "dependsOn": [
                "[resourceId('Microsoft.Network/privateEndpoints', parameters('redisCacheName'))]",
                "[resourceId('Microsoft.Network/privateDnsZones', parameters('privateDnsName'))]"
            ],
            "properties": {
                "privateDnsZoneConfigs": [
                    {
                        "name": "[replace(parameters('privateDnsName'), '.', '-')]",
                        "properties": {
                            "privateDnsZoneId": "[variables('privateDnsZoneId')]"
                        }
                    }
                ]
            }
        },
        {
            "type": "Microsoft.KeyVault/vaults/secrets",
            "apiVersion": "2021-06-01-preview",
            "name": "[concat(parameters('keyVaultName'), '/AuthCacheOptionsConnectionString')]",
            "location": "[parameters('location')]",
            "dependsOn": [
                "[resourceid('Microsoft.Cache/redis', parameters('redisCacheName'))]"
            ],
            "properties": {
                "attributes": {
                    "enabled": true
                },
                "contentType": "text/plain",
                "value": "[concat(parameters('redisCacheName'), '.redis.cache.windows.net:6380,password=', listKeys(resourceId('Microsoft.Cache/Redis', parameters('redisCacheName')), '2016-04-01').primaryKey, ',ssl=True,abortConnect=False')]"
            }
        }
    ]
}
