{
    "$schema": "https://schema.management.azure.com/schemas/2019-04-01/deploymentTemplate.json#",
    "contentVersion": "1.0.0.0",
    "parameters": {
        "bastionHosts_NEU_DEV_BAS_AKS_Manual_name": {
            "defaultValue": "NEU-DEV-BAS-AKS_Manual",
            "type": "String"
        },
        "publicIPAddresses_NEU_DEV_IP_AKSBAS_externalid": {
            "defaultValue": "/subscriptions/8e23dffd-ada5-41c5-b121-ebc51bcbf252/resourceGroups/MC_NEU-DEV-RG-Omnicore_manual_NEU-DEV-AKS-OmnicoreManual_northeurope/providers/Microsoft.Network/publicIPAddresses/NEU-DEV-IP-AKSBAS",
            "type": "String"
        },
        "virtualNetworks_aks_vnet_26165443_externalid": {
            "defaultValue": "/subscriptions/8e23dffd-ada5-41c5-b121-ebc51bcbf252/resourceGroups/MC_NEU-DEV-RG-Omnicore_manual_NEU-DEV-AKS-OmnicoreManual_northeurope/providers/Microsoft.Network/virtualNetworks/aks-vnet-26165443",
            "type": "String"
        }
    },
    "variables": {},
    "resources": [
        {
            "type": "Microsoft.Network/bastionHosts",
            "apiVersion": "2020-11-01",
            "name": "[parameters('bastionHosts_NEU_DEV_BAS_AKS_Manual_name')]",
            "location": "northeurope",
            "tags": {
                "Client": "",
                "Environment": "",
                "Platform": "",
                "Service Dependence": ""
            },
            "sku": {
                "name": "Basic"
            },
            "properties": {
                "dnsName": "bst-31703334-a925-4b98-bc39-0c8bf557b34f.bastion.azure.com",
                "ipConfigurations": [
                    {
                        "name": "IpConf",
                        "properties": {
                            "privateIPAllocationMethod": "Dynamic",
                            "publicIPAddress": {
                                "id": "[parameters('publicIPAddresses_NEU_DEV_IP_AKSBAS_externalid')]"
                            },
                            "subnet": {
                                "id": "[concat(parameters('virtualNetworks_aks_vnet_26165443_externalid'), '/subnets/AzureBastionSubnet')]"
                            }
                        }
                    }
                ]
            }
        }
    ]
}