{
    "$schema": "https://schema.management.azure.com/schemas/2019-04-01/deploymentTemplate.json#",
    "contentVersion": "1.0.0.0",
    "parameters": {
        "profiles_NEU_DEV_CDN_Omnicore_name": {
            "defaultValue": "NEU-DEV-CDN-Omnicore",
            "type": "String"
        }
    },
    "variables": {},
    "resources": [
        {
            "type": "Microsoft.Cdn/profiles",
            "apiVersion": "2020-09-01",
            "name": "[parameters('profiles_NEU_DEV_CDN_Omnicore_name')]",
            "location": "Global",
            "tags": {
                "Client": "",
                "Environment": "",
                "Platform": "",
                "Service Dependence": ""
            },
            "sku": {
                "name": "Standard_Microsoft"
            },
            "kind": "cdn",
            "properties": {}
        }
    ]
}