{
    "$schema": "https://schema.management.azure.com/schemas/2019-04-01/deploymentTemplate.json#",
    "contentVersion": "1.0.0.0",
    "parameters": {
        "databaseAccounts_omn_neu_dev_gps_trans_createMode": {
            "type": "SecureString"
        },
        "databaseAccounts_omn_neu_dev_gps_trans_name": {
            "defaultValue": "omn-neu-dev-gps-trans",
            "type": "String"
        },
        "privateEndpoints_neu_dev_ept_gps_trans_externalid": {
            "defaultValue": "/subscriptions/8e23dffd-ada5-41c5-b121-ebc51bcbf252/resourceGroups/NEU-DEV-RG-Omnicore/providers/Microsoft.Network/privateEndpoints/neu-dev-ept-gps-trans",
            "type": "String"
        }
    },
    "variables": {},
    "resources": [
        {
            "type": "Microsoft.DocumentDB/databaseAccounts",
            "apiVersion": "2021-07-01-preview",
            "name": "[parameters('databaseAccounts_omn_neu_dev_gps_trans_name')]",
            "location": "North Europe",
            "tags": {
                "defaultExperience": "Core (SQL)",
                "hidden-cosmos-mmspecial": "",
                "CosmosAccountType": "Non-Production",
                "Client": "",
                "Environment": "",
                "Platform": "",
                "Service Dependence": ""
            },
            "kind": "GlobalDocumentDB",
            "identity": {
                "type": "None"
            },
            "properties": {
                "publicNetworkAccess": "Enabled",
                "enableAutomaticFailover": false,
                "enableMultipleWriteLocations": false,
                "isVirtualNetworkFilterEnabled": false,
                "virtualNetworkRules": [],
                "disableKeyBasedMetadataWriteAccess": false,
                "enableFreeTier": true,
                "enableAnalyticalStorage": false,
                "analyticalStorageConfiguration": {},
                "databaseAccountOfferType": "Standard",
                "networkAclBypass": "None",
                "disableLocalAuth": false,
                "consistencyPolicy": {
                    "defaultConsistencyLevel": "Session",
                    "maxIntervalInSeconds": 5,
                    "maxStalenessPrefix": 100
                },
                "locations": [
                    {
                        "locationName": "North Europe",
                        "provisioningState": "Succeeded",
                        "failoverPriority": 0,
                        "isZoneRedundant": false
                    }
                ],
                "cors": [],
                "capabilities": [],
                "ipRules": [
                    {
                        "ipAddressOrRange": "65.52.79.52"
                    },
                    {
                        "ipAddressOrRange": "20.54.19.240"
                    },
                    {
                        "ipAddressOrRange": "104.42.195.92"
                    },
                    {
                        "ipAddressOrRange": "40.76.54.131"
                    },
                    {
                        "ipAddressOrRange": "52.176.6.30"
                    },
                    {
                        "ipAddressOrRange": "52.169.50.45"
                    },
                    {
                        "ipAddressOrRange": "52.187.184.26"
                    }
                ],
                "backupPolicy": {
                    "type": "Periodic",
                    "periodicModeProperties": {
                        "backupIntervalInMinutes": 240,
                        "backupRetentionIntervalInHours": 8,
                        "backupStorageRedundancy": "Geo"
                    }
                },
                "networkAclBypassResourceIds": [],
                "diagnosticLogSettings": {
                    "enableFullTextQuery": "None"
                },
                "createMode": "[parameters('databaseAccounts_omn_neu_dev_gps_trans_createMode')]"
            }
        },
        {
            "type": "Microsoft.DocumentDB/databaseAccounts/privateEndpointConnections",
            "apiVersion": "2021-07-01-preview",
            "name": "[concat(parameters('databaseAccounts_omn_neu_dev_gps_trans_name'), '/neu-dev-ept-gps-trans')]",
            "dependsOn": [
                "[resourceId('Microsoft.DocumentDB/databaseAccounts', parameters('databaseAccounts_omn_neu_dev_gps_trans_name'))]"
            ],
            "properties": {
                "provisioningState": "Succeeded",
                "groupId": "Sql",
                "privateEndpoint": {
                    "id": "[parameters('privateEndpoints_neu_dev_ept_gps_trans_externalid')]"
                },
                "privateLinkServiceConnectionState": {
                    "status": "Rejected"
                }
            }
        },
        {
            "type": "Microsoft.DocumentDB/databaseAccounts/sqlDatabases",
            "apiVersion": "2021-07-01-preview",
            "name": "[concat(parameters('databaseAccounts_omn_neu_dev_gps_trans_name'), '/transaction')]",
            "dependsOn": [
                "[resourceId('Microsoft.DocumentDB/databaseAccounts', parameters('databaseAccounts_omn_neu_dev_gps_trans_name'))]"
            ],
            "properties": {
                "resource": {
                    "id": "transaction"
                }
            }
        },
        {
            "type": "Microsoft.DocumentDB/databaseAccounts/sqlRoleDefinitions",
            "apiVersion": "2021-07-01-preview",
            "name": "[concat(parameters('databaseAccounts_omn_neu_dev_gps_trans_name'), '/00000000-0000-0000-0000-000000000001')]",
            "dependsOn": [
                "[resourceId('Microsoft.DocumentDB/databaseAccounts', parameters('databaseAccounts_omn_neu_dev_gps_trans_name'))]"
            ],
            "properties": {
                "roleName": "Cosmos DB Built-in Data Reader",
                "type": 0,
                "assignableScopes": [
                    "[resourceId('Microsoft.DocumentDB/databaseAccounts', parameters('databaseAccounts_omn_neu_dev_gps_trans_name'))]"
                ],
                "permissions": [
                    {
                        "dataActions": [
                            "Microsoft.DocumentDB/databaseAccounts/readMetadata",
                            "Microsoft.DocumentDB/databaseAccounts/sqlDatabases/containers/executeQuery",
                            "Microsoft.DocumentDB/databaseAccounts/sqlDatabases/containers/readChangeFeed",
                            "Microsoft.DocumentDB/databaseAccounts/sqlDatabases/containers/items/read"
                        ],
                        "notDataActions": []
                    }
                ]
            }
        },
        {
            "type": "Microsoft.DocumentDB/databaseAccounts/sqlRoleDefinitions",
            "apiVersion": "2021-07-01-preview",
            "name": "[concat(parameters('databaseAccounts_omn_neu_dev_gps_trans_name'), '/00000000-0000-0000-0000-000000000002')]",
            "dependsOn": [
                "[resourceId('Microsoft.DocumentDB/databaseAccounts', parameters('databaseAccounts_omn_neu_dev_gps_trans_name'))]"
            ],
            "properties": {
                "roleName": "Cosmos DB Built-in Data Contributor",
                "type": 0,
                "assignableScopes": [
                    "[resourceId('Microsoft.DocumentDB/databaseAccounts', parameters('databaseAccounts_omn_neu_dev_gps_trans_name'))]"
                ],
                "permissions": [
                    {
                        "dataActions": [
                            "Microsoft.DocumentDB/databaseAccounts/readMetadata",
                            "Microsoft.DocumentDB/databaseAccounts/sqlDatabases/containers/*",
                            "Microsoft.DocumentDB/databaseAccounts/sqlDatabases/containers/items/*"
                        ],
                        "notDataActions": []
                    }
                ]
            }
        }
    ]
}