{
    "$schema": "https://schema.management.azure.com/schemas/2019-04-01/deploymentTemplate.json#",
    "contentVersion": "1.0.0.0",
    "parameters": {
        "databaseAccounts_neu_cdb_omnboarding_application_manual_createMode": {
            "type": "SecureString"
        },
        "databaseAccounts_neu_cdb_omnboarding_application_manual_name": {
            "defaultValue": "neu-cdb-omnboarding-application-manual",
            "type": "String"
        }
    },
    "variables": {},
    "resources": [
        {
            "type": "Microsoft.DocumentDB/databaseAccounts",
            "apiVersion": "2021-07-01-preview",
            "name": "[parameters('databaseAccounts_neu_cdb_omnboarding_application_manual_name')]",
            "location": "North Europe",
            "tags": {
                "Environment": "Dev",
                "Platform": "Omnicore",
                "Service Dependence": "P3",
                "Client": "MBS + Vox",
                "defaultExperience": "Core (SQL)",
                "hidden-cosmos-mmspecial": "",
                "CosmosAccountType": "Non-Production"
            },
            "kind": "GlobalDocumentDB",
            "identity": {
                "type": "None"
            },
            "properties": {
                "publicNetworkAccess": "Enabled",
                "enableAutomaticFailover": false,
                "enableMultipleWriteLocations": false,
                "isVirtualNetworkFilterEnabled": false,
                "virtualNetworkRules": [],
                "disableKeyBasedMetadataWriteAccess": false,
                "enableFreeTier": false,
                "enableAnalyticalStorage": false,
                "analyticalStorageConfiguration": {},
                "databaseAccountOfferType": "Standard",
                "defaultIdentity": "FirstPartyIdentity",
                "networkAclBypass": "None",
                "disableLocalAuth": false,
                "consistencyPolicy": {
                    "defaultConsistencyLevel": "Session",
                    "maxIntervalInSeconds": 5,
                    "maxStalenessPrefix": 100
                },
                "locations": [
                    {
                        "locationName": "North Europe",
                        "provisioningState": "Succeeded",
                        "failoverPriority": 0,
                        "isZoneRedundant": false
                    }
                ],
                "cors": [],
                "capabilities": [],
                "ipRules": [],
                "backupPolicy": {
                    "type": "Periodic",
                    "periodicModeProperties": {
                        "backupIntervalInMinutes": 240,
                        "backupRetentionIntervalInHours": 8,
                        "backupStorageRedundancy": "Geo"
                    }
                },
                "networkAclBypassResourceIds": [],
                "diagnosticLogSettings": {
                    "enableFullTextQuery": "None"
                },
                "createMode": "[parameters('databaseAccounts_neu_cdb_omnboarding_application_manual_createMode')]"
            }
        },
        {
            "type": "Microsoft.DocumentDB/databaseAccounts/sqlDatabases",
            "apiVersion": "2021-07-01-preview",
            "name": "[concat(parameters('databaseAccounts_neu_cdb_omnboarding_application_manual_name'), '/Applications')]",
            "dependsOn": [
                "[resourceId('Microsoft.DocumentDB/databaseAccounts', parameters('databaseAccounts_neu_cdb_omnboarding_application_manual_name'))]"
            ],
            "properties": {
                "resource": {
                    "id": "Applications"
                }
            }
        },
        {
            "type": "Microsoft.DocumentDB/databaseAccounts/sqlRoleDefinitions",
            "apiVersion": "2021-07-01-preview",
            "name": "[concat(parameters('databaseAccounts_neu_cdb_omnboarding_application_manual_name'), '/00000000-0000-0000-0000-000000000001')]",
            "dependsOn": [
                "[resourceId('Microsoft.DocumentDB/databaseAccounts', parameters('databaseAccounts_neu_cdb_omnboarding_application_manual_name'))]"
            ],
            "properties": {
                "roleName": "Cosmos DB Built-in Data Reader",
                "type": 0,
                "assignableScopes": [
                    "[resourceId('Microsoft.DocumentDB/databaseAccounts', parameters('databaseAccounts_neu_cdb_omnboarding_application_manual_name'))]"
                ],
                "permissions": [
                    {
                        "dataActions": [
                            "Microsoft.DocumentDB/databaseAccounts/readMetadata",
                            "Microsoft.DocumentDB/databaseAccounts/sqlDatabases/containers/executeQuery",
                            "Microsoft.DocumentDB/databaseAccounts/sqlDatabases/containers/readChangeFeed",
                            "Microsoft.DocumentDB/databaseAccounts/sqlDatabases/containers/items/read"
                        ],
                        "notDataActions": []
                    }
                ]
            }
        },
        {
            "type": "Microsoft.DocumentDB/databaseAccounts/sqlRoleDefinitions",
            "apiVersion": "2021-07-01-preview",
            "name": "[concat(parameters('databaseAccounts_neu_cdb_omnboarding_application_manual_name'), '/00000000-0000-0000-0000-000000000002')]",
            "dependsOn": [
                "[resourceId('Microsoft.DocumentDB/databaseAccounts', parameters('databaseAccounts_neu_cdb_omnboarding_application_manual_name'))]"
            ],
            "properties": {
                "roleName": "Cosmos DB Built-in Data Contributor",
                "type": 0,
                "assignableScopes": [
                    "[resourceId('Microsoft.DocumentDB/databaseAccounts', parameters('databaseAccounts_neu_cdb_omnboarding_application_manual_name'))]"
                ],
                "permissions": [
                    {
                        "dataActions": [
                            "Microsoft.DocumentDB/databaseAccounts/readMetadata",
                            "Microsoft.DocumentDB/databaseAccounts/sqlDatabases/containers/*",
                            "Microsoft.DocumentDB/databaseAccounts/sqlDatabases/containers/items/*"
                        ],
                        "notDataActions": []
                    }
                ]
            }
        },
        {
            "type": "Microsoft.DocumentDB/databaseAccounts/sqlDatabases/containers",
            "apiVersion": "2021-07-01-preview",
            "name": "[concat(parameters('databaseAccounts_neu_cdb_omnboarding_application_manual_name'), '/Applications/eyJpZCI6MSwiaXMiOiJnbG9iYWwiLCJydCI6InRlbmFudCJ9')]",
            "dependsOn": [
                "[resourceId('Microsoft.DocumentDB/databaseAccounts/sqlDatabases', parameters('databaseAccounts_neu_cdb_omnboarding_application_manual_name'), 'Applications')]",
                "[resourceId('Microsoft.DocumentDB/databaseAccounts', parameters('databaseAccounts_neu_cdb_omnboarding_application_manual_name'))]"
            ],
            "properties": {
                "resource": {
                    "id": "eyJpZCI6MSwiaXMiOiJnbG9iYWwiLCJydCI6InRlbmFudCJ9",
                    "indexingPolicy": {
                        "indexingMode": "consistent",
                        "automatic": true,
                        "includedPaths": [
                            {
                                "path": "/*"
                            }
                        ],
                        "excludedPaths": [
                            {
                                "path": "/\"_etag\"/?"
                            }
                        ]
                    },
                    "partitionKey": {
                        "paths": [
                            "/id"
                        ],
                        "kind": "Hash"
                    },
                    "uniqueKeyPolicy": {
                        "uniqueKeys": []
                    },
                    "conflictResolutionPolicy": {
                        "mode": "LastWriterWins",
                        "conflictResolutionPath": "/_ts"
                    }
                }
            }
        },
        {
            "type": "Microsoft.DocumentDB/databaseAccounts/sqlDatabases/containers",
            "apiVersion": "2021-07-01-preview",
            "name": "[concat(parameters('databaseAccounts_neu_cdb_omnboarding_application_manual_name'), '/Applications/eyJpZCI6MzEsImlzIjoiZ2xvYmFsIiwicnQiOiJ0ZW5hbnQifQ')]",
            "dependsOn": [
                "[resourceId('Microsoft.DocumentDB/databaseAccounts/sqlDatabases', parameters('databaseAccounts_neu_cdb_omnboarding_application_manual_name'), 'Applications')]",
                "[resourceId('Microsoft.DocumentDB/databaseAccounts', parameters('databaseAccounts_neu_cdb_omnboarding_application_manual_name'))]"
            ],
            "properties": {
                "resource": {
                    "id": "eyJpZCI6MzEsImlzIjoiZ2xvYmFsIiwicnQiOiJ0ZW5hbnQifQ",
                    "indexingPolicy": {
                        "indexingMode": "consistent",
                        "automatic": true,
                        "includedPaths": [
                            {
                                "path": "/*"
                            }
                        ],
                        "excludedPaths": [
                            {
                                "path": "/\"_etag\"/?"
                            }
                        ]
                    },
                    "partitionKey": {
                        "paths": [
                            "/id"
                        ],
                        "kind": "Hash"
                    },
                    "uniqueKeyPolicy": {
                        "uniqueKeys": []
                    },
                    "conflictResolutionPolicy": {
                        "mode": "LastWriterWins",
                        "conflictResolutionPath": "/_ts"
                    }
                }
            }
        },
        {
            "type": "Microsoft.DocumentDB/databaseAccounts/sqlDatabases/containers",
            "apiVersion": "2021-07-01-preview",
            "name": "[concat(parameters('databaseAccounts_neu_cdb_omnboarding_application_manual_name'), '/Applications/eyJpZCI6MzIsImlzIjoiZ2xvYmFsIiwicnQiOiJ0ZW5hbnQifQ')]",
            "dependsOn": [
                "[resourceId('Microsoft.DocumentDB/databaseAccounts/sqlDatabases', parameters('databaseAccounts_neu_cdb_omnboarding_application_manual_name'), 'Applications')]",
                "[resourceId('Microsoft.DocumentDB/databaseAccounts', parameters('databaseAccounts_neu_cdb_omnboarding_application_manual_name'))]"
            ],
            "properties": {
                "resource": {
                    "id": "eyJpZCI6MzIsImlzIjoiZ2xvYmFsIiwicnQiOiJ0ZW5hbnQifQ",
                    "indexingPolicy": {
                        "indexingMode": "consistent",
                        "automatic": true,
                        "includedPaths": [
                            {
                                "path": "/*"
                            }
                        ],
                        "excludedPaths": [
                            {
                                "path": "/\"_etag\"/?"
                            }
                        ]
                    },
                    "partitionKey": {
                        "paths": [
                            "/id"
                        ],
                        "kind": "Hash"
                    },
                    "uniqueKeyPolicy": {
                        "uniqueKeys": []
                    },
                    "conflictResolutionPolicy": {
                        "mode": "LastWriterWins",
                        "conflictResolutionPath": "/_ts"
                    }
                }
            }
        },
        {
            "type": "Microsoft.DocumentDB/databaseAccounts/sqlDatabases/containers/throughputSettings",
            "apiVersion": "2021-07-01-preview",
            "name": "[concat(parameters('databaseAccounts_neu_cdb_omnboarding_application_manual_name'), '/Applications/eyJpZCI6MSwiaXMiOiJnbG9iYWwiLCJydCI6InRlbmFudCJ9/default')]",
            "dependsOn": [
                "[resourceId('Microsoft.DocumentDB/databaseAccounts/sqlDatabases/containers', parameters('databaseAccounts_neu_cdb_omnboarding_application_manual_name'), 'Applications', 'eyJpZCI6MSwiaXMiOiJnbG9iYWwiLCJydCI6InRlbmFudCJ9')]",
                "[resourceId('Microsoft.DocumentDB/databaseAccounts/sqlDatabases', parameters('databaseAccounts_neu_cdb_omnboarding_application_manual_name'), 'Applications')]",
                "[resourceId('Microsoft.DocumentDB/databaseAccounts', parameters('databaseAccounts_neu_cdb_omnboarding_application_manual_name'))]"
            ],
            "properties": {
                "resource": {
                    "throughput": 400
                }
            }
        },
        {
            "type": "Microsoft.DocumentDB/databaseAccounts/sqlDatabases/containers/throughputSettings",
            "apiVersion": "2021-07-01-preview",
            "name": "[concat(parameters('databaseAccounts_neu_cdb_omnboarding_application_manual_name'), '/Applications/eyJpZCI6MzEsImlzIjoiZ2xvYmFsIiwicnQiOiJ0ZW5hbnQifQ/default')]",
            "dependsOn": [
                "[resourceId('Microsoft.DocumentDB/databaseAccounts/sqlDatabases/containers', parameters('databaseAccounts_neu_cdb_omnboarding_application_manual_name'), 'Applications', 'eyJpZCI6MzEsImlzIjoiZ2xvYmFsIiwicnQiOiJ0ZW5hbnQifQ')]",
                "[resourceId('Microsoft.DocumentDB/databaseAccounts/sqlDatabases', parameters('databaseAccounts_neu_cdb_omnboarding_application_manual_name'), 'Applications')]",
                "[resourceId('Microsoft.DocumentDB/databaseAccounts', parameters('databaseAccounts_neu_cdb_omnboarding_application_manual_name'))]"
            ],
            "properties": {
                "resource": {
                    "throughput": 400
                }
            }
        },
        {
            "type": "Microsoft.DocumentDB/databaseAccounts/sqlDatabases/containers/throughputSettings",
            "apiVersion": "2021-07-01-preview",
            "name": "[concat(parameters('databaseAccounts_neu_cdb_omnboarding_application_manual_name'), '/Applications/eyJpZCI6MzIsImlzIjoiZ2xvYmFsIiwicnQiOiJ0ZW5hbnQifQ/default')]",
            "dependsOn": [
                "[resourceId('Microsoft.DocumentDB/databaseAccounts/sqlDatabases/containers', parameters('databaseAccounts_neu_cdb_omnboarding_application_manual_name'), 'Applications', 'eyJpZCI6MzIsImlzIjoiZ2xvYmFsIiwicnQiOiJ0ZW5hbnQifQ')]",
                "[resourceId('Microsoft.DocumentDB/databaseAccounts/sqlDatabases', parameters('databaseAccounts_neu_cdb_omnboarding_application_manual_name'), 'Applications')]",
                "[resourceId('Microsoft.DocumentDB/databaseAccounts', parameters('databaseAccounts_neu_cdb_omnboarding_application_manual_name'))]"
            ],
            "properties": {
                "resource": {
                    "throughput": 400,
                    "autoscaleSettings": {
                        "maxThroughput": 4000
                    }
                }
            }
        }
    ]
}