{
    "$schema": "https://schema.management.azure.com/schemas/2019-04-01/deploymentTemplate.json#",
    "contentVersion": "1.0.0.0",
    "parameters": {
        "configurationStores_neu_dev_aac_omnicore_name": {
            "defaultValue": "neu-dev-aac-omnicore",
            "type": "String"
        }
    },
    "variables": {},
    "resources": [
        {
            "type": "Microsoft.AppConfiguration/configurationStores",
            "apiVersion": "2021-03-01-preview",
            "name": "[parameters('configurationStores_neu_dev_aac_omnicore_name')]",
            "location": "northeurope",
            "tags": {
                "Client": "",
                "Environment": "",
                "Platform": "",
                "Service Dependence": ""
            },
            "sku": {
                "name": "free"
            },
            "properties": {
                "encryption": {},
                "disableLocalAuth": false
            }
        }
    ]
}