{
    "$schema": "https://schema.management.azure.com/schemas/2019-04-01/deploymentTemplate.json#",
    "contentVersion": "1.0.0.0",
    "parameters": {
        "privateEndpoints_neu_dev_ept_gps_trans_name": {
            "defaultValue": "neu-dev-ept-gps-trans",
            "type": "String"
        },
        "databaseAccounts_omn_neu_dev_gps_trans_externalid": {
            "defaultValue": "/subscriptions/8e23dffd-ada5-41c5-b121-ebc51bcbf252/resourceGroups/NEU-DEV-RG-Omnicore/providers/Microsoft.DocumentDB/databaseAccounts/omn-neu-dev-gps-trans",
            "type": "String"
        },
        "virtualNetworks_NEU_DEV_VNA_Omnicore_externalid": {
            "defaultValue": "/subscriptions/8e23dffd-ada5-41c5-b121-ebc51bcbf252/resourceGroups/NEU-DEV-RG-Omnicore/providers/Microsoft.Network/virtualNetworks/NEU-DEV-VNA-Omnicore",
            "type": "String"
        }
    },
    "variables": {},
    "resources": [
        {
            "type": "Microsoft.Network/privateEndpoints",
            "apiVersion": "2020-11-01",
            "name": "[parameters('privateEndpoints_neu_dev_ept_gps_trans_name')]",
            "location": "northeurope",
            "properties": {
                "privateLinkServiceConnections": [
                    {
                        "name": "[concat(parameters('privateEndpoints_neu_dev_ept_gps_trans_name'), '_635f336c-3a87-4fb7-8885-363fa458901c')]",
                        "properties": {
                            "privateLinkServiceId": "[parameters('databaseAccounts_omn_neu_dev_gps_trans_externalid')]",
                            "groupIds": [
                                "Sql"
                            ],
                            "privateLinkServiceConnectionState": {
                                "status": "Rejected",
                                "actionsRequired": "None"
                            }
                        }
                    }
                ],
                "manualPrivateLinkServiceConnections": [],
                "subnet": {
                    "id": "[concat(parameters('virtualNetworks_NEU_DEV_VNA_Omnicore_externalid'), '/subnets/NEU-DEV-SBN-APIManagement')]"
                },
                "customDnsConfigs": []
            }
        }
    ]
}