{
    "$schema": "https://schema.management.azure.com/schemas/2019-04-01/deploymentTemplate.json#",
    "contentVersion": "1.0.0.0",
    "parameters": {
        "privateEndpoints_kube_apiserver_name": {
            "defaultValue": "kube-apiserver",
            "type": "String"
        },
        "managedClusters_NEU_DEV_AKS_OmnicoreManual_externalid": {
            "defaultValue": "/subscriptions/8e23dffd-ada5-41c5-b121-ebc51bcbf252/resourceGroups/NEU-DEV-RG-Omnicore_manual/providers/Microsoft.ContainerService/managedClusters/NEU-DEV-AKS-OmnicoreManual",
            "type": "String"
        },
        "virtualNetworks_aks_vnet_26165443_externalid": {
            "defaultValue": "/subscriptions/8e23dffd-ada5-41c5-b121-ebc51bcbf252/resourceGroups/MC_NEU-DEV-RG-Omnicore_manual_NEU-DEV-AKS-OmnicoreManual_northeurope/providers/Microsoft.Network/virtualNetworks/aks-vnet-26165443",
            "type": "String"
        }
    },
    "variables": {},
    "resources": [
        {
            "type": "Microsoft.Network/privateEndpoints",
            "apiVersion": "2020-11-01",
            "name": "[parameters('privateEndpoints_kube_apiserver_name')]",
            "location": "northeurope",
            "tags": {
                "Client": "",
                "Environment": "",
                "Platform": "",
                "Service Dependence": ""
            },
            "properties": {
                "privateLinkServiceConnections": [
                    {
                        "name": "[parameters('privateEndpoints_kube_apiserver_name')]",
                        "properties": {
                            "privateLinkServiceId": "[parameters('managedClusters_NEU_DEV_AKS_OmnicoreManual_externalid')]",
                            "groupIds": [
                                "management"
                            ],
                            "privateLinkServiceConnectionState": {
                                "status": "Approved",
                                "actionsRequired": "None"
                            }
                        }
                    }
                ],
                "manualPrivateLinkServiceConnections": [],
                "subnet": {
                    "id": "[concat(parameters('virtualNetworks_aks_vnet_26165443_externalid'), '/subnets/aks-subnet')]"
                },
                "customDnsConfigs": []
            }
        }
    ]
}