{
    "$schema": "https://schema.management.azure.com/schemas/2019-04-01/deploymentTemplate.json#",
    "contentVersion": "1.0.0.0",
    "parameters": {
        "userAssignedIdentities_NEU_DEV_AKS_OmnicoreManual_agentpool_name": {
            "defaultValue": "NEU-DEV-AKS-OmnicoreManual-agentpool",
            "type": "String"
        }
    },
    "variables": {},
    "resources": [
        {
            "type": "Microsoft.ManagedIdentity/userAssignedIdentities",
            "apiVersion": "2018-11-30",
            "name": "[parameters('userAssignedIdentities_NEU_DEV_AKS_OmnicoreManual_agentpool_name')]",
            "location": "northeurope",
            "tags": {
                "Client": "",
                "Environment": "",
                "Platform": "",
                "Service Dependence": ""
            }
        }
    ]
}