{
    "$schema": "https://schema.management.azure.com/schemas/2019-04-01/deploymentTemplate.json#",
    "contentVersion": "1.0.0.0",
    "parameters": {
        "queue_service_bus_name": {
            "type": "String"
        },
        "keyvault_name": {
            "type": "String"
        },
        "location": {
            "defaultValue": "UK South",
            "type": "string"
        },
        "tags": {
            "type": "object",
            "defaultValue": {
                "Environment": "Test"
            }
        }
    },
    "variables": {},
    "resources": [
        {
            "type": "Microsoft.ServiceBus/namespaces",
            "apiVersion": "2021-06-01-preview",
            "name": "[parameters('queue_service_bus_name')]",
            "location": "[parameters('location')]",
            "tags": "[parameters('tags')]",
            "sku": {
                "name": "Standard",
                "tier": "Standard"
            },
            "properties": {
                "disableLocalAuth": false,
                "zoneRedundant": false
            }
        },
        {
            "type": "Microsoft.ServiceBus/namespaces/AuthorizationRules",
            "apiVersion": "2021-06-01-preview",
            "name": "[concat(parameters('queue_service_bus_name'), '/RootManageSharedAccessKey')]",
            "location": "[parameters('location')]",
            "dependsOn": [
                "[resourceId('Microsoft.ServiceBus/namespaces', parameters('queue_service_bus_name'))]"
            ],
            "properties": {
                "rights": [
                    "Listen",
                    "Manage",
                    "Send"
                ]
            }
        },
        {
            "type": "Microsoft.ServiceBus/namespaces/AuthorizationRules",
            "apiVersion": "2021-06-01-preview",
            "name": "[concat(parameters('queue_service_bus_name'), '/RW')]",
            "location": "[parameters('location')]",
            "dependsOn": [
                "[resourceId('Microsoft.ServiceBus/namespaces', parameters('queue_service_bus_name'))]"
            ],
            "properties": {
                "rights": [
                    "Listen",
                    "Send"
                ]
            }
        },
        {
            "type": "Microsoft.ServiceBus/namespaces/queues",
            "apiVersion": "2021-06-01-preview",
            "name": "[concat(parameters('queue_service_bus_name'), '/email-notifications')]",
            "location": "[parameters('location')]",
            "dependsOn": [
                "[resourceId('Microsoft.ServiceBus/namespaces', parameters('queue_service_bus_name'))]"
            ],
            "properties": {
                "maxMessageSizeInKilobytes": 256,
                "lockDuration": "PT5M",
                "maxSizeInMegabytes": 1024,
                "requiresDuplicateDetection": true,
                "requiresSession": false,
                "defaultMessageTimeToLive": "P10D",
                "deadLetteringOnMessageExpiration": false,
                "enableBatchedOperations": true,
                "duplicateDetectionHistoryTimeWindow": "PT10M",
                "maxDeliveryCount": 10,
                "status": "Active",
                "autoDeleteOnIdle": "P10675199DT2H48M5.4775807S",
                "enablePartitioning": true,
                "enableExpress": false
            }
        },
        {
            "type": "Microsoft.ServiceBus/namespaces/queues",
            "apiVersion": "2021-06-01-preview",
            "name": "[concat(parameters('queue_service_bus_name'), '/epcore')]",
            "location": "[parameters('location')]",
            "dependsOn": [
                "[resourceId('Microsoft.ServiceBus/namespaces', parameters('queue_service_bus_name'))]"
            ],
            "properties": {
                "maxMessageSizeInKilobytes": 256,
                "lockDuration": "PT1M",
                "maxSizeInMegabytes": 1024,
                "requiresDuplicateDetection": false,
                "requiresSession": false,
                "defaultMessageTimeToLive": "P10675199DT2H48M5.4775807S",
                "deadLetteringOnMessageExpiration": false,
                "enableBatchedOperations": true,
                "duplicateDetectionHistoryTimeWindow": "PT10M",
                "maxDeliveryCount": 2,
                "status": "Active",
                "autoDeleteOnIdle": "P10675199DT2H48M5.4775807S",
                "enablePartitioning": false,
                "enableExpress": false
            }
        },
        {
            "type": "Microsoft.ServiceBus/namespaces/queues",
            "apiVersion": "2021-06-01-preview",
            "name": "[concat(parameters('queue_service_bus_name'), '/epcore-vox')]",
            "location": "[parameters('location')]",
            "dependsOn": [
                "[resourceId('Microsoft.ServiceBus/namespaces', parameters('queue_service_bus_name'))]"
            ],
            "properties": {
                "maxMessageSizeInKilobytes": 256,
                "lockDuration": "PT1M",
                "maxSizeInMegabytes": 1024,
                "requiresDuplicateDetection": false,
                "requiresSession": false,
                "defaultMessageTimeToLive": "P10D",
                "deadLetteringOnMessageExpiration": false,
                "enableBatchedOperations": true,
                "duplicateDetectionHistoryTimeWindow": "PT10M",
                "maxDeliveryCount": 2,
                "status": "Active",
                "autoDeleteOnIdle": "P10675199DT2H48M5.4775807S",
                "enablePartitioning": false,
                "enableExpress": false
            }
        },
        {
            "type": "Microsoft.ServiceBus/namespaces/queues",
            "apiVersion": "2021-06-01-preview",
            "name": "[concat(parameters('queue_service_bus_name'), '/event-notifications')]",
            "location": "[parameters('location')]",
            "dependsOn": [
                "[resourceId('Microsoft.ServiceBus/namespaces', parameters('queue_service_bus_name'))]"
            ],
            "properties": {
                "maxMessageSizeInKilobytes": 256,
                "lockDuration": "PT5M",
                "maxSizeInMegabytes": 1024,
                "requiresDuplicateDetection": true,
                "requiresSession": false,
                "defaultMessageTimeToLive": "P10D",
                "deadLetteringOnMessageExpiration": false,
                "enableBatchedOperations": true,
                "duplicateDetectionHistoryTimeWindow": "PT10M",
                "maxDeliveryCount": 10,
                "status": "Active",
                "autoDeleteOnIdle": "P10675199DT2H48M5.4775807S",
                "enablePartitioning": true,
                "enableExpress": false
            }
        },
        {
            "type": "Microsoft.ServiceBus/namespaces/queues",
            "apiVersion": "2021-06-01-preview",
            "name": "[concat(parameters('queue_service_bus_name'), '/notifications')]",
            "location": "[parameters('location')]",
            "dependsOn": [
                "[resourceId('Microsoft.ServiceBus/namespaces', parameters('queue_service_bus_name'))]"
            ],
            "properties": {
                "maxMessageSizeInKilobytes": 256,
                "lockDuration": "PT5M",
                "maxSizeInMegabytes": 1024,
                "requiresDuplicateDetection": true,
                "requiresSession": false,
                "defaultMessageTimeToLive": "P10D",
                "deadLetteringOnMessageExpiration": false,
                "enableBatchedOperations": true,
                "duplicateDetectionHistoryTimeWindow": "PT10M",
                "maxDeliveryCount": 10,
                "status": "Active",
                "autoDeleteOnIdle": "P10675199DT2H48M5.4775807S",
                "enablePartitioning": true,
                "enableExpress": false
            }
        },
        {
            "type": "Microsoft.ServiceBus/namespaces/queues",
            "apiVersion": "2021-06-01-preview",
            "name": "[concat(parameters('queue_service_bus_name'), '/sms-notifications')]",
            "location": "[parameters('location')]",
            "dependsOn": [
                "[resourceId('Microsoft.ServiceBus/namespaces', parameters('queue_service_bus_name'))]"
            ],
            "properties": {
                "maxMessageSizeInKilobytes": 256,
                "lockDuration": "PT5M",
                "maxSizeInMegabytes": 1024,
                "requiresDuplicateDetection": true,
                "requiresSession": false,
                "defaultMessageTimeToLive": "P10D",
                "deadLetteringOnMessageExpiration": false,
                "enableBatchedOperations": true,
                "duplicateDetectionHistoryTimeWindow": "PT10M",
                "maxDeliveryCount": 10,
                "status": "Active",
                "autoDeleteOnIdle": "P10675199DT2H48M5.4775807S",
                "enablePartitioning": true,
                "enableExpress": false
            }
        },
        {
            "type": "Microsoft.ServiceBus/namespaces/queues",
            "apiVersion": "2021-06-01-preview",
            "name": "[concat(parameters('queue_service_bus_name'), '/starlingbankjobs')]",
            "location": "[parameters('location')]",
            "dependsOn": [
                "[resourceId('Microsoft.ServiceBus/namespaces', parameters('queue_service_bus_name'))]"
            ],
            "properties": {
                "maxMessageSizeInKilobytes": 256,
                "lockDuration": "PT5M",
                "maxSizeInMegabytes": 1024,
                "requiresDuplicateDetection": true,
                "requiresSession": false,
                "defaultMessageTimeToLive": "P10D",
                "deadLetteringOnMessageExpiration": true,
                "enableBatchedOperations": true,
                "duplicateDetectionHistoryTimeWindow": "PT10M",
                "maxDeliveryCount": 10,
                "status": "Active",
                "autoDeleteOnIdle": "P10675199DT2H48M5.4775807S",
                "enablePartitioning": true,
                "enableExpress": false
            }
        },
        {
            "type": "Microsoft.ServiceBus/namespaces/queues",
            "apiVersion": "2021-06-01-preview",
            "name": "[concat(parameters('queue_service_bus_name'), '/starlingjobs')]",
            "location": "[parameters('location')]",
            "dependsOn": [
                "[resourceId('Microsoft.ServiceBus/namespaces', parameters('queue_service_bus_name'))]"
            ],
            "properties": {
                "maxMessageSizeInKilobytes": 256,
                "lockDuration": "PT5M",
                "maxSizeInMegabytes": 1024,
                "requiresDuplicateDetection": true,
                "requiresSession": false,
                "defaultMessageTimeToLive": "P10D",
                "deadLetteringOnMessageExpiration": true,
                "enableBatchedOperations": true,
                "duplicateDetectionHistoryTimeWindow": "PT10M",
                "maxDeliveryCount": 10,
                "status": "Active",
                "autoDeleteOnIdle": "P10675199DT2H48M5.4775807S",
                "enablePartitioning": true,
                "enableExpress": false
            }
        },
        {
            "type": "Microsoft.KeyVault/vaults/secrets",
            "apiVersion": "2021-06-01-preview",
            "name": "[concat(parameters('keyvault_name'), '/NotificationsServiceBusConnectionString')]",
            "location": "[parameters('location')]",
            "dependsOn": [
                "[resourceId('Microsoft.ServiceBus/namespaces/authorizationRules',parameters('queue_service_bus_name'), 'RW')]"
            ],
            "properties": {
                "attributes": {
                    "enabled": true
                },
                "contentType": "text/plain",
                "value": "[listKeys(resourceId('Microsoft.ServiceBus/namespaces/authorizationRules',parameters('queue_service_bus_name'), 'RW'),'2015-08-01').primaryConnectionString]"
            }
        },
        {
            "type": "Microsoft.KeyVault/vaults/secrets",
            "apiVersion": "2021-06-01-preview",
            "name": "[concat(parameters('keyvault_name'), '/PaymentNotificationsSbConnectionString')]",
            "location": "[parameters('location')]",
            "dependsOn": [
                "[resourceId('Microsoft.ServiceBus/namespaces/authorizationRules',parameters('queue_service_bus_name'), 'RW')]"
            ],
            "properties": {
                "attributes": {
                    "enabled": true
                },
                "contentType": "text/plain",
                "value": "[listKeys(resourceId('Microsoft.ServiceBus/namespaces/authorizationRules',parameters('queue_service_bus_name'), 'RW'),'2015-08-01').primaryConnectionString]"
            }
        },
        {
            "type": "Microsoft.KeyVault/vaults/secrets",
            "apiVersion": "2021-06-01-preview",
            "name": "[concat(parameters('keyvault_name'), '/PaymentsSbConnectionString')]",
            "location": "[parameters('location')]",
            "dependsOn": [
                "[resourceId('Microsoft.ServiceBus/namespaces/authorizationRules',parameters('queue_service_bus_name'), 'RW')]"
            ],
            "properties": {
                "attributes": {
                    "enabled": true
                },
                "contentType": "text/plain",
                "value": "[listKeys(resourceId('Microsoft.ServiceBus/namespaces/authorizationRules',parameters('queue_service_bus_name'), 'RW'),'2015-08-01').primaryConnectionString]"
            }
        }
    ]
}