{
    "$schema": "https://schema.management.azure.com/schemas/2019-04-01/deploymentTemplate.json#",
    "contentVersion": "1.0.0.0",
    "parameters": {
        "internal_service_bus_name": {
            "type": "string"
        },
        "keyvault_name": {
            "type": "String"
        },
        "location": {
            "type": "string",
            "defaultValue": "UK South"
        },
        "tags": {
            "type": "object",
            "defaultValue": {
                "Environment": "Test"
            }
        }
    },
    "variables": {
    },
    "resources": [
        {
            "type": "Microsoft.ServiceBus/namespaces",
            "apiVersion": "2021-06-01-preview",
            "name": "[parameters('internal_service_bus_name')]",
            "location": "[parameters('location')]",
            "tags": "[parameters('tags')]",
            "sku": {
                "name": "Standard",
                "tier": "Standard"
            },
            "properties": {
                "disableLocalAuth": false,
                "zoneRedundant": false
            }
        },
        {
            "type": "Microsoft.ServiceBus/namespaces/AuthorizationRules",
            "apiVersion": "2021-06-01-preview",
            "name": "[concat(parameters('internal_service_bus_name'), '/Omnicore-Metro')]",
            "location": "[parameters('location')]",
            "dependsOn": [
                "[resourceId('Microsoft.ServiceBus/namespaces', parameters('internal_service_bus_name'))]"
            ],
            "properties": {
                "rights": [
                    "Manage",
                    "Listen",
                    "Send"
                ]
            }
        },
        {
            "type": "Microsoft.ServiceBus/namespaces/AuthorizationRules",
            "apiVersion": "2021-06-01-preview",
            "name": "[concat(parameters('internal_service_bus_name'), '/RootManageSharedAccessKey')]",
            "location": "[parameters('location')]",
            "dependsOn": [
                "[resourceId('Microsoft.ServiceBus/namespaces', parameters('internal_service_bus_name'))]"
            ],
            "properties": {
                "rights": [
                    "Listen",
                    "Manage",
                    "Send"
                ]
            }
        },
        {
            "type": "Microsoft.KeyVault/vaults/secrets",
            "apiVersion": "2021-06-01-preview",
            "name": "[concat(parameters('keyvault_name'), '/MetroOptionsConnectionString')]",
            "location": "[parameters('location')]",
            "dependsOn": [
                "[resourceId('Microsoft.ServiceBus/namespaces/authorizationRules',parameters('internal_service_bus_name'), 'Omnicore-Metro')]"
            ],
            "properties": {
                "attributes": {
                    "enabled": true
                },
                "contentType": "text/plain",
                "value": "[listKeys(resourceId('Microsoft.ServiceBus/namespaces/authorizationRules',parameters('internal_service_bus_name'), 'Omnicore-Metro'),'2015-08-01').primaryConnectionString]"
            }
        }
    ]
}