{
    "$schema": "https://schema.management.azure.com/schemas/2015-01-01/deploymentParameters.json#",
    "contentVersion": "1.0.0.0",
    "parameters": {
        "connections_sql_name": {
            "value": null
        },
        "connections_azureblob_name": {
            "value": null
        },
        "subscriptionId": {
            "value": null
        },
        "resourceGroupName": {
            "value": null
        },
        "environment": {
            "value": null
        },
        "regionName": {
            "value": "northeurope"
        },
        "workflows_LAP_BalanceExtract_name": {
            "value": null
        },
        "storageAccountName": {
            "value": null
        },
        "sqlServerName": {
            "value": null
        },
        "sqlDatabaseName": {
            "value": null
        }
    }
}