{
  "$schema": "https://schema.management.azure.com/schemas/2019-04-01/deploymentTemplate.json#",
  "contentVersion": "1.0.0.0",
  "parameters": {
    "connections_sql_name": {
      "defaultValue": "sql",
      "type": "String"
    },
    "connections_azureblob_name": {
      "defaultValue": "azureblob",
      "type": "String"
    },
    "subscriptionId": {
      "defaultValue": "",
      "type": "String"
    },
    "resourceGroupName": {
      "defaultValue": "[concat('NEU-', parameters('environmentName'),'-RG-OmnicoreLogicApps')]",
      "type": "String"
    },
    "environmentName": {
      "defaultValue": "DEV",
      "type": "String"
    },
    "regionName": {
      "defaultValue": "northeurope",
      "type": "String"
    },
    "workflows_LAP_BalanceExtract_name": {
      "defaultValue": "[concat('NEU-', parameters('environmentName'),'-LAP-OMPBalExtract')]",
      "type": "String"
    },
    "sqlServerName": {
      "defaultValue": "northeurope",
      "type": "String"
    },
    "sqlDatabaseName": {
      "defaultValue": "northeurope",
      "type": "String"
    },
    "storageAccountName": {
      "defaultValue": "[concat('omgneu', parameters('environmentName'),'voxsta')]",
      "type": "String"
    },
    "LogicAppLocation": {
      "type": "string",
      "minLength": 1,
      "allowedValues": [
        "[resourceGroup().location]",
        "eastasia",
        "southeastasia",
        "centralus",
        "eastus",
        "eastus2",
        "westus",
        "northcentralus",
        "southcentralus",
        "northeurope",
        "westeurope",
        "japanwest",
        "japaneast",
        "brazilsouth",
        "australiaeast",
        "australiasoutheast",
        "southindia",
        "centralindia",
        "westindia",
        "canadacentral",
        "canadaeast",
        "uksouth",
        "ukwest",
        "westcentralus",
        "westus2",
        "koreacentral",
        "koreasouth",
        "francecentral",
        "francesouth",
        "uaecentral",
        "uaenorth",
        "southafricanorth",
        "southafricawest",
        "switzerlandnorth",
        "switzerlandwest",
        "germanynorth",
        "germanywestcentral",
        "norwaywest",
        "norwayeast",
        "brazilsoutheast",
        "westus3"
      ],
      "defaultValue": "northeurope"
    },
    "mysql_connection_Connection_Name": {
      "type": "string",
      "defaultValue": "mysql-3"
    },
    "mysql_connection_Connection_DisplayName": {
      "type": "string",
      "defaultValue": "mysql_connection"
    },
    "mysql_connection_server": {
      "type": "string",
      "metadata": {
        "description": "Specify the MySQL server."
      }
    },
    "mysql_connection_database": {
      "type": "string",
      "metadata": {
        "description": "Specify the MySQL database name."
      },
      "defaultValue": "ep_core"
    },
    "mysql_connection_authType": {
      "type": "string",
      "metadata": {
        "description": "Authentication type to connect to your database"
      },
      "defaultValue": "basic",
      "allowedValues": [
        "basic"
      ]
    },
    "mysql_connection_username": {
      "type": "securestring",
      "metadata": {
        "description": "Username credential"
      }
    },
    "mysql_connection_password": {
      "type": "securestring",
      "metadata": {
        "description": "Password credential"
      }
    },
    "mysql_connection_encryptConnection": {
      "type": "bool",
      "metadata": {
        "description": "Encrypt Connection"
      },
      "defaultValue": false
    },
    "mysql_connection_privacySetting": {
      "type": "string",
      "metadata": {
        "description": "Privacy Setting"
      },
      "allowedValues": [
        "None",
        "Private",
        "Organizational",
        "Public"
      ]
    },
    "mysql_connection_gateway_id": {
      "type": "string",
      "defaultValue": "[concat('/subscriptions/', parameters('subscriptionId'), '/resourceGroups/NEU-', parameters('environmentName'),'-rg-datagateway/providers/Microsoft.Web/connectionGateways', '/NEU-', parameters('environmentName'),'-DataGateway01')]"
    }
  },
  "variables": {},
  "resources": [
    {
      "type": "Microsoft.Web/connections",
      "apiVersion": "2016-06-01",
      "name": "[parameters('connections_azureblob_name')]",
      "location": "northeurope",
      "kind": "V1",
      "properties": {
        "displayName": "[parameters('connections_azureblob_name')]",
        "statuses": [
          {
            "status": "Ready"
          }
        ],
        "customParameterValues": {},
        "createdTime": "2022-07-01T15:39:37.5953023Z",
        "changedTime": "2022-07-01T15:39:37.5953023Z",
        "api": {
          "name": "[parameters('connections_azureblob_name')]",
          "displayName": "Azure Blob Storage",
          "description": "Microsoft Azure Storage provides a massively scalable, durable, and highly available storage for data on the cloud, and serves as the data storage solution for modern applications. Connect to Blob Storage to perform various operations such as create, update, get and delete on blobs in your Azure Storage account.",
          "iconUri": "[concat('https://connectoricons-prod.azureedge.net/releases/v1.0.1563/1.0.1563.2732/azureblob/icon.png')]",
          "brandColor": "#804998",
          "id": "[concat('/subscriptions/', parameters('subscriptionId'),'/providers/Microsoft.Web/locations/northeurope/managedApis/azureblob')]",
          "type": "Microsoft.Web/locations/managedApis"
        },
        "testLinks": [
          {
            "requestUri": "[concat('https://management.azure.com:443/subscriptions/', parameters('subscriptionId'),'/resourceGroups/NEU-', parameters('environmentName'),'-RG-OmnicoreLogicApps/providers/Microsoft.Web/connections/', parameters('connections_azureblob_name'), '/extensions/proxy/testconnection?api-version=2016-06-01')]",
            "method": "get"
          }
        ]
      }
    },
    {
      "type": "Microsoft.Web/connections",
      "apiVersion": "2016-06-01",
      "name": "[parameters('connections_sql_name')]",
      "location": "northeurope",
      "kind": "V1",
      "properties": {
        "displayName": "AzureSqlDb",
        "statuses": [
          {
            "status": "Ready"
          }
        ],
        "customParameterValues": {},
        "createdTime": "2022-07-01T15:52:16.8270068Z",
        "changedTime": "2022-07-01T15:52:16.8270068Z",
        "api": {
          "name": "[parameters('connections_sql_name')]",
          "displayName": "SQL Server",
          "description": "Microsoft SQL Server is a relational database management system developed by Microsoft. Connect to SQL Server to manage data. You can perform various actions such as create, update, get, and delete on rows in a table.",
          "iconUri": "[concat('https://connectoricons-prod.azureedge.net/releases/v1.0.1580/1.0.1580.2840/sql/icon.png')]",
          "brandColor": "#ba141a",
          "id": "[concat('/subscriptions/', parameters('subscriptionId'),'/providers/Microsoft.Web/locations/', parameters('regionName'),'/managedApis/sql')]",
          "type": "Microsoft.Web/locations/managedApis"
        },
        "testLinks": [
          {
            "requestUri": "[concat('https://management.azure.com:443/subscriptions/', parameters('subscriptionId'),'/resourceGroups/NEU-', parameters('environmentName'),'-RG-OmnicoreLogicApps/providers/Microsoft.Web/connections/', parameters('connections_sql_name'), '/extensions/proxy/testconnection?api-version=2016-06-01')]",
            "method": "get"
          }
        ]
      }
    },
    {
      "type": "Microsoft.Logic/workflows",
      "apiVersion": "2017-07-01",
      "name": "[parameters('workflows_LAP_BalanceExtract_name')]",
      "location": "[parameters('LogicAppLocation')]",
      "dependsOn": [
        "[resourceId('Microsoft.Web/connections', parameters('connections_azureblob_name'))]",
        "[resourceId('Microsoft.Web/connections', parameters('connections_sql_name'))]",
        "[resourceId('Microsoft.Web/connections', parameters('mysql_connection_Connection_Name'))]"
      ],
      "identity": {
        "type": "SystemAssigned"
      },
      "properties": {
        "state": "Enabled",
        "definition": {
          "$schema": "https://schema.management.azure.com/providers/Microsoft.Logic/schemas/2016-06-01/workflowdefinition.json#",
          "actions": {
            "Create_CSV_table": {
              "type": "Table",
              "inputs": {
                "from": "@body('Retrieve_transaction_data_from_SQL')?['resultsets']?['Table1']",
                "format": "CSV",
                "columns": [
                  {
                    "header": "CardReference",
                    "value": "@item()?['CardReference']"
                  },
                  {
                    "header": "CurrencyCode",
                    "value": "@item()?['CurrencyCode']"
                  },
                  {
                    "header": "Actual",
                    "value": "@item()?['Actual']"
                  },
                  {
                    "header": "Timestamp",
                    "value": "@utcNow()"
                  }
                ]
              },
              "runAfter": {
                "Retrieve_transaction_data_from_SQL": [
                  "Succeeded"
                ]
              }
            },
            "Create_blob_(V2)": {
              "runAfter": {
                "Create_CSV_table": [
                  "Succeeded"
                ]
              },
              "type": "ApiConnection",
              "inputs": {
                "body": "@body('Create_CSV_table')",
                "headers": {
                  "ReadFileMetadataFromServer": true
                },
                "host": {
                  "connection": {
                    "name": "@parameters('$connections')['azureblob']['connectionId']"
                  }
                },
                "method": "post",
                "path": "/v2/datasets/@{encodeURIComponent(encodeURIComponent(parameters('storageAccountName')))}/files",
                "queries": {
                  "folderPath": "@{concat('omniprocessor-balance/',formatDateTime(variables('GMT'), 'yyyy'),'/',formatDateTime(variables('GMT'), 'MM'),'/',formatDateTime(variables('GMT'), 'dd'))}",
                  "name": "@{variables('Filename')}-balances-vox.csv",
                  "queryParametersSingleEncoded": true
                }
              },
              "runtimeConfiguration": {
                "contentTransfer": {
                  "transferMode": "Chunked"
                }
              }
            },
            "Create_filename": {
              "type": "SetVariable",
              "inputs": {
                "name": "Filename",
                "value": "@{concat(formatDateTime(variables('GMT'), 'yyyyMMdd'), formatDateTime(variables('GMT'), 'HH'), '00', '00', 'OMNIOADBAL')}"
              },
              "runAfter": {
                "Initialise_Report_Hour": [
                  "Succeeded"
                ]
              }
            },
            "Initialise_Current_Date": {
              "type": "InitializeVariable",
              "inputs": {
                "variables": [
                  {
                    "name": "GMT",
                    "type": "string",
                    "value": "@{utcNow()}"
                  }
                ]
              },
              "runAfter": {}
            },
            "Initialise_Current_Hour": {
              "type": "InitializeVariable",
              "inputs": {
                "variables": [
                  {
                    "name": "CurrentHour",
                    "type": "string",
                    "value": "@{formatDateTime(variables('GMT'), 'HH')}"
                  }
                ]
              },
              "runAfter": {
                "Initialise_Current_Date": [
                  "Succeeded"
                ]
              }
            },
            "Initialise_Current_Minute": {
              "type": "InitializeVariable",
              "inputs": {
                "variables": [
                  {
                    "name": "CurrentMinute",
                    "type": "string",
                    "value": "@{formatDateTime(variables('GMT'), 'mm')}"
                  }
                ]
              },
              "runAfter": {
                "Initialise_Current_Hour": [
                  "Succeeded"
                ]
              }
            },
            "Initialise_Filename": {
              "type": "InitializeVariable",
              "inputs": {
                "variables": [
                  {
                    "name": "Filename",
                    "type": "string"
                  }
                ]
              },
              "runAfter": {
                "Initialise_Current_Minute": [
                  "Succeeded"
                ]
              }
            },
            "Initialise_Report_Hour": {
              "type": "InitializeVariable",
              "inputs": {
                "variables": [
                  {
                    "name": "ReportHour",
                    "type": "string"
                  }
                ]
              },
              "runAfter": {
                "Initialize_Balance_Filename": [
                  "Succeeded"
                ]
              }
            },
            "Retrieve_transaction_data_from_SQL": {
              "runAfter": {
                "Create_filename": [
                  "Succeeded"
                ]
              },
              "type": "ApiConnection",
              "inputs": {
                "body": {
                  "query": "SELECT c.CardReference, c.CurrencyCode, f.Actual FROM Card c INNER JOIN Fund f ON c.FundId = f.Id"
                },
                "host": {
                  "connection": {
                    "name": "@parameters('$connections')['sql']['connectionId']"
                  }
                },
                "method": "post",
                "path": "/v2/datasets/@{encodeURIComponent(encodeURIComponent(concat(parameters('SqlServerName'),'.database.windows.net')))},@{encodeURIComponent(encodeURIComponent(parameters('SqlDatabaseName')))}/query/sql"
              }
            },
            "Initialize_Balance_Filename": {
              "type": "InitializeVariable",
              "inputs": {
                "variables": [
                  {
                    "name": "BalanceFilename",
                    "type": "string"
                  }
                ]
              },
              "runAfter": {
                "Initialise_Filename": [
                  "Succeeded"
                ]
              }
            },
            "Create_Balance_Filename": {
              "type": "SetVariable",
              "inputs": {
                "name": "BalanceFilename",
                "value": "@{concat(formatDateTime(variables('GMT'), 'yyyyMMdd'), formatDateTime(variables('GMT'), 'HH'), '00', '00', 'offcardWallet')}"
              },
              "runAfter": {
                "Initialise_Report_Hour": [
                  "Succeeded"
                ]
              }
            },
            "Retrieve_off_card_wallet_data_from_EpCore": {
              "type": "ApiConnection",
              "inputs": {
                "host": {
                  "connection": {
                    "name": "@parameters('$connections')['mysql']['connectionId']"
                  }
                },
                "method": "get",
                "path": "/datasets/default/tables/@{encodeURIComponent(encodeURIComponent('[ep_core].[wallets]'))}/items",
                "queries": {
                  "$filter": "Type ne 2",
                  "$select": "ID,AccountID,ProcessorRef,LastKnownBalance_Available,LastKnownBalance_Blocked,BalanceUpdatedDateTime"
                }
              },
              "runAfter": {
                "Create_Balance_Filename": [
                  "Succeeded"
                ]
              }
            },
            "Create_CSV_table_2": {
              "type": "Table",
              "inputs": {
                "from": "@body('Retrieve_off_card_wallet_data_from_EpCore')?['value']",
                "format": "CSV",
                "columns": [
                  {
                    "header": "WalletID",
                    "value": "@item()?['ID']"
                  },
                  {
                    "header": "AccountID",
                    "value": "@item()?['AccountID']"
                  },
                  {
                    "header": "ProcessorRef",
                    "value": "@item()?['ProcessorRef']"
                  },
                  {
                    "header": "LastKnownBalance_Available",
                    "value": "@item()?['LastKnownBalance_Available']"
                  },
                  {
                    "header": "LastKnownBalance_Blocked",
                    "value": "@item()?['LastKnownBalance_Blocked']"
                  },
                  {
                    "header": "BalanceUpdatedDateTime",
                    "value": "@item()?['BalanceUpdatedDateTime']"
                  }
                ]
              },
              "runAfter": {
                "Retrieve_off_card_wallet_data_from_EpCore": [
                  "Succeeded"
                ]
              }
            },
            "Create_blob_(V2)_2": {
              "type": "ApiConnection",
              "inputs": {
                "host": {
                  "connection": {
                    "name": "@parameters('$connections')['azureblob']['connectionId']"
                  }
                },
                "method": "post",
                "body": "@body('Create_CSV_table_2')",
                "headers": {
                  "ReadFileMetadataFromServer": true
                },
                "path": "/v2/datasets/@{encodeURIComponent(encodeURIComponent(parameters('storageAccountName')))}/files",
                "queries": {
                  "folderPath": "@{concat('omniprocessor-balance/',formatDateTime(variables('GMT'), 'yyyy'),'/',formatDateTime(variables('GMT'), 'MM'),'/',formatDateTime(variables('GMT'), 'dd'))}",
                  "name": "@{variables('BalanceFilename')}-balances-vox.csv",
                  "queryParametersSingleEncoded": true
                }
              },
              "runAfter": {
                "Create_CSV_table_2": [
                  "Succeeded"
                ]
              },
              "runtimeConfiguration": {
                "contentTransfer": {
                  "transferMode": "Chunked"
                }
              }
            }
          },
          "parameters": {
            "$connections": {
              "defaultValue": {},
              "type": "Object"
            },
            "SqlDatabaseName": {
              "defaultValue": "[parameters('sqlDatabaseName')]",
              "type": "String"
            },
            "SqlServerName": {
              "defaultValue": "[parameters('sqlServerName')]",
              "type": "String"
            },
            "storageAccountName": {
              "defaultValue": "[parameters('storageAccountName')]",
              "type": "String"
            }
          },
          "triggers": {
            "Define_Schedule": {
              "type": "Recurrence",
              "recurrence": {
                "frequency": "Hour",
                "interval": 1,
                "timeZone": "GMT Standard Time",
                "startTime": "2020-12-09T00:01:00"
              },
              "evaluatedRecurrence": {
                "frequency": "Hour",
                "interval": 1,
                "startTime": "2020-12-09T00:01:00",
                "timeZone": "GMT Standard Time"
              }
            }
          },
          "contentVersion": "1.0.0.0",
          "outputs": {}
        },
        "parameters": {
          "$connections": {
            "value": {
              "azureblob": {
                "id": "[concat('/subscriptions/', parameters('subscriptionId'),'/providers/Microsoft.Web/locations/', parameters('regionName'),'/managedApis/',parameters('connections_azureblob_name'))]",
                "connectionId": "[resourceId('Microsoft.Web/connections', parameters('connections_azureblob_name'))]",
                "connectionName": "azureblob",
                "connectionProperties": {
                  "authentication": {
                    "type": "ManagedServiceIdentity"
                  }
                }
              },
              "sql": {
                "id": "[concat('/subscriptions/', parameters('subscriptionId'),'/providers/Microsoft.Web/locations/', parameters('regionName'),'/managedApis/',parameters('connections_sql_name'))]",
                "connectionId": "[resourceId('Microsoft.Web/connections', parameters('connections_sql_name'))]",
                "connectionName": "sql",
                "connectionProperties": {
                  "authentication": {
                    "type": "ManagedServiceIdentity"
                  }
                }
              },
              "mysql": {
                "id": "[concat(subscription().id, '/providers/Microsoft.Web/locations/', parameters('LogicAppLocation'), '/managedApis/', 'mysql')]",
                "connectionId": "[resourceId('Microsoft.Web/connections', parameters('mysql_connection_Connection_Name'))]",
                "connectionName": "[parameters('mysql_connection_Connection_Name')]"
              }
            }
          }
        }
      },
      "tags": {
        "displayName": "LogicApp"
      }
    },
    {
      "type": "MICROSOFT.WEB/CONNECTIONS",
      "apiVersion": "2018-07-01-preview",
      "name": "[parameters('mysql_connection_Connection_Name')]",
      "location": "[parameters('LogicAppLocation')]",
      "properties": {
        "api": {
          "id": "[concat(subscription().id, '/providers/Microsoft.Web/locations/', parameters('LogicAppLocation'), '/managedApis/', 'mysql')]"
        },
        "displayName": "[parameters('mysql_connection_Connection_DisplayName')]",
        "parameterValues": {
          "server": "[parameters('mysql_connection_server')]",
          "database": "[parameters('mysql_connection_database')]",
          "authType": "[parameters('mysql_connection_authType')]",
          "username": "[parameters('mysql_connection_username')]",
          "password": "[parameters('mysql_connection_password')]",
          "encryptConnection": "[parameters('mysql_connection_encryptConnection')]",
          "privacySetting": "[parameters('mysql_connection_privacySetting')]",
          "gateway": {
            "id": "[parameters('mysql_connection_gateway_id')]"
          }
        }
      }
    }
  ]
}