{
  "$schema": "https://schema.management.azure.com/schemas/2019-04-01/deploymentTemplate.json#",
  "contentVersion": "1.0.0.0",
  "parameters": {
    "resourcePrefix": {
      "type": "string",
      "defaultValue": "uks-dev-test"
    },
    "serverName": {
      "type": "string",
      "defaultValue": "[concat(parameters('resourcePrefix'), '-sql')]",
      "metadata": {
        "description": "The name of the SQL logical server."
      }
    },
    "databaseName": {
      "type": "string",
      "defaultValue": "test",
      "metadata": {
        "description": "The name of the SQL Database."
      }
    },
    "location": {
      "type": "string",
      "defaultValue": "[resourceGroup().location]",
      "metadata": {
        "description": "Location for all resources."
      }
    },
    "administratorLogin": {
      "type": "string",
      "defaultValue": "[uniqueString(resourceGroup().id)]",
      "metadata": {
        "description": "The administrator username of the SQL logical server."
      }
    },
    "administratorLoginPassword": {
      "type": "securestring",
      "defaultValue": "A1#B2@[uniqueString(resourceGroup().id)]",
      "metadata": {
        "description": "The administrator password of the SQL logical server."
      }
    },
    "keyVaultName": {
      "type": "string",
      "defaultValue": "[concat(parameters('resourcePrefix'), '-kyv')]",
      "metadata": {
        "description": "The KeyVault to put the database connection string into."
      }
    },
    "connectionStringKeyVaultKey": {
      "type": "string",
      "defaultValue": "[concat(parameters('databaseName'), 'ConnectionString')]",
      "metadata": {
        "description": "The KeyVault key to put the database connection string into."
      }
    },
    "elasticPoolName": {
      "type": "string",
      "defaultValue": "[concat(parameters('serverName'), '-sep')]"
    },
    "elasticPoolSkuTier": {
      "type": "string",
      "defaultValue": "basic"
    },
    "tags": {
      "type": "object",
      "defaultValue": {
        "Environment": "Test"
      }
    }
  },
  "variables": {},
  "resources": [
    {
      "type": "Microsoft.Sql/servers/databases",
      "apiVersion": "2021-02-01-preview",
      "name": "[concat(parameters('serverName'), '/', tolower(parameters('databaseName')))]",
      "location": "[parameters('location')]",
      "sku": {
        "name": "ElasticPool",
        "tier": "[parameters('elasticPoolSkuTier')]"
      },
      "kind": "v12.0,user,pool",
      "properties": {
        "collation": "SQL_Latin1_General_CP1_CI_AS",
        "elasticPoolId": "[resourceid('Microsoft.Sql/servers/elasticpools', parameters('serverName'), parameters('elasticPoolName'))]",
        "catalogCollation": "SQL_Latin1_General_CP1_CI_AS"
      },
      "tags": "[parameters('tags')]"
    },
    {
      "type": "Microsoft.KeyVault/vaults/secrets",
      "apiVersion": "2021-06-01-preview",
      "name": "[concat(parameters('keyvaultName'), '/', parameters('connectionStringKeyVaultKey'))]",
      "location": "[parameters('location')]",
      "dependsOn": [
        "[resourceid('Microsoft.Sql/servers/databases', parameters('serverName'), tolower(parameters('databaseName')))]"
      ],
      "properties": {
        "attributes": {
          "enabled": true
        },
        "contentType": "text/plain",
        "value": "[concat('Server=', parameters('serverName'), '.database.windows.net;Initial Catalog=', parameters('databaseName'), ';Persist Security Info=False;User ID=',parameters('administratorLogin'),';Password=',parameters('administratorLoginPassword'),';MultipleActiveResultSets=False;Encrypt=True;TrustServerCertificate=False;Connection Timeout=30;')]"
      }
    }
  ]
}