{
  "$schema": "http://schema.management.azure.com/schemas/2014-04-01-preview/deploymentTemplate.json#",
  "contentVersion": "1.0.0.0",
  "parameters": {
    "resourcePrefix": {
      "type": "string",
      "defaultValue": "uks-dev-test"
    },
    "serverName": {
      "type": "string",
      "defaultValue": "[concat(parameters('resourcePrefix'), '-sql')]"
    },
    "location": {
      "type": "string",
      "defaultValue": "UK South"
    },
    "elasticPoolName": {
      "type": "string",
      "defaultValue": "[concat(parameters('serverName'), '-sep')]"
    },
    "skuName": {
      "type": "string",
      "defaultValue": "BasicPool"
    },
    "skuTier": {
      "type": "string",
      "defaultValue": "Basic"
    },
    "skuCapacity": {
      "type": "int",
      "defaultValue": 2
    },
    "tags": {
      "type": "object",
      "defaultValue": {
        "Environment": "Test"
      }
    }
  },
  "variables": {},
  "resources": [
    {
      "name": "[concat(parameters('serverName'), '/', parameters('elasticPoolName'))]",
      "location": "[parameters('location')]",
      "type": "Microsoft.Sql/servers/elasticpools",
      "apiVersion": "2021-02-01-preview",
      "sku": {
        "name": "[parameters('skuName')]",
        "tier": "[parameters('skuTier')]",
        "capacity": "[parameters('skuCapacity')]"
      },
      "properties": {
      },
      "tags": "[parameters('tags')]"
    }
  ]
}
