{
  "$schema": "https://schema.management.azure.com/schemas/2019-04-01/deploymentTemplate.json#",
  "contentVersion": "1.0.0.0",
  "parameters": {
    "location": {
      "type": "string",
      "defaultValue": "UK South",
      "metadata": {
        "description": "The location of the resource"
      }
    },
    "keyvaultName": {
      "type": "string",
      "defaultValue": "[concat(parameters('resourcePrefix'), '-kyv')]"
    },
    "serverName": {
      "type": "string",
      "defaultValue": "[concat(parameters('resourcePrefix'), '-sql')]",
      "metadata": {
        "description": "The name of the SQL logical server."
      }
    },
    "databaseNamePrefix": {
      "type": "string",
      "defaultValue": "[concat(parameters('resourcePrefix'), '-db')]",
      "metadata": {
        "description": "The name of the SQL Database."
      }
    },
    "omniprocessorDatabaseName": {
      "type": "string",
      "defaultValue": "[tolower(concat(parameters('databaseNamePrefix'), '-omnicoreprocessor'))]",
      "metadata": {
        "description": "The name of the Omniprocessor database.   Can be overridden for each environment if required"
      }
    },
    "administratorLogin": {
      "type": "string",
      "defaultValue": "[uniqueString(resourceGroup().id)]",
      "metadata": {
        "description": "The administrator username of the SQL logical server."
      }
    },
    "administratorLoginPassword": {
      "type": "securestring",
      "defaultValue": "A1#B2@[uniqueString(resourceGroup().id)]",
      "metadata": {
        "description": "The administrator password of the SQL logical server."
      }
    },
    "resourcePrefix": {
      "type": "string",
      "defaultValue": "uks-dev-test"
    },
    "elasticPoolName": {
      "type": "string",
      "defaultValue": "[concat(parameters('serverName'), '-sep')]"
    },
    "tags": {
      "type": "object",
      "defaultValue": {
        "Environment": "Test"
      }
    },
    "elasticPoolSkuName": {
      "type": "string",
      "defaultValue": "basic"
    },
    "elasticPoolSkuTier": {
      "type": "string",
      "defaultValue": "basic"
    },
    "elasticPoolSkuCapacity": {
      "type": "int",
      "defaultValue": 2
    }
  },
  "variables": {
  },
  "resources": [
    {
      "type": "Microsoft.Sql/servers",
      "apiVersion": "2020-02-02-preview",
      "name": "[parameters('serverName')]",
      "location": "[parameters('location')]",
      "tags": "[parameters('tags')]",
      "identity": {
        "type": "SystemAssigned"
      },
      "properties": {
        "administratorLogin": "[parameters('administratorLogin')]",
        "administratorLoginPassword": "[parameters('administratorLoginPassword')]"
      }
    },
    {
      "type": "Microsoft.Resources/deployments",
      "apiVersion": "2021-04-01",
      "name": "ElasticPool",
      "dependsOn": [
        "[concat('Microsoft.Sql/servers/', parameters('serverName'))]"
      ],
      "properties": {
        "mode": "Incremental",
        "templateLink": {
          "relativePath": "ElasticPoolTemplate.json"
        },
        "parameters": {
          "location": {
            "value": "[parameters('location')]"
          },
          "resourcePrefix": {
            "value": "[parameters('resourcePrefix')]"
          },
          "serverName": {
            "value": "[parameters('serverName')]"
          },
          "elasticPoolName": {
            "value": "[parameters('elasticPoolName')]"
          },
          "skuName": {
            "value": "[parameters('elasticPoolSkuName')]"
          },
          "skuTier": {
            "value": "[parameters('elasticPoolSkuTier')]"
          },
          "skuCapacity": {
            "value": "[parameters('elasticPoolSkuCapacity')]"
          },
          "tags": {
            "value": "[parameters('tags')]"
          }
        }
      }
    },
    {
      "type": "Microsoft.Resources/deployments",
      "apiVersion": "2021-04-01",
      "name": "ConfigurationDb",
      "dependsOn": [
        "ElasticPool"
      ],
      "properties": {
        "mode": "Incremental",
        "templateLink": {
          "relativePath": "DatabaseTemplate.json"
        },
        "parameters": {
          "resourcePrefix": {
            "value": "[parameters('resourcePrefix')]"
          },
          "serverName": {
            "value": "[parameters('serverName')]"
          },
          "databaseName": {
            "value": "[tolower(concat(parameters('databaseNamePrefix'), '-configuration'))]"
          },
          "keyVaultName": {
            "value": "[parameters('keyvaultName')]"
          },
          "connectionStringKeyVaultKey": {
            "value": "ConfigurationDbMasterConnectionString"
          },
          "location": {
            "value": "[parameters('location')]"
          },
          "administratorLogin": {
            "value": "[parameters('administratorLogin')]"
          },
          "administratorLoginPassword": {
            "value": "[parameters('administratorLoginPassword')]"
          },
          "elasticPoolName": {
            "value": "[parameters('elasticPoolName')]"
          },
          "elasticPoolSkuTier": {
            "value": "[parameters('elasticPoolSkuTier')]"
          },
          "tags": {
            "value": "[parameters('tags')]"
          }
        }
      }
    },
    {
      "type": "Microsoft.Resources/deployments",
      "apiVersion": "2021-04-01",
      "name": "OmniprocessorDb",
      "dependsOn": [
        "ElasticPool"
      ],
      "properties": {
        "mode": "Incremental",
        "templateLink": {
          "relativePath": "DatabaseTemplate.json"
        },
        "parameters": {
          "resourcePrefix": {
            "value": "[parameters('resourcePrefix')]"
          },
          "serverName": {
            "value": "[parameters('serverName')]"
          },
          "databaseName": {
            "value": "[parameters('omniprocessorDatabaseName')]"
          },
          "keyVaultName": {
            "value": "[parameters('keyvaultName')]"
          },
          "connectionStringKeyVaultKey": {
            "value": "OmniprocessorDbMasterConnectionString"
          },
          "location": {
            "value": "[parameters('location')]"
          },
          "administratorLogin": {
            "value": "[parameters('administratorLogin')]"
          },
          "administratorLoginPassword": {
            "value": "[parameters('administratorLoginPassword')]"
          },
          "elasticPoolName": {
            "value": "[parameters('elasticPoolName')]"
          },
          "elasticPoolSkuTier": {
            "value": "[parameters('elasticPoolSkuTier')]"
          },
          "tags": {
            "value": "[parameters('tags')]"
          }
        }
      }
    }
  ]
}
