{
    "$schema": "https://schema.management.azure.com/schemas/2019-04-01/deploymentTemplate.json#",
    "contentVersion": "1.0.0.0",
    "parameters": {
        "sites_neu_dev_wap_InterimFinancePortal_name": {
            "defaultValue": "neu-dev-wap-InterimFinancePortal",
            "type": "String"
        },
        "serverfarms_neu_dev_asp_InterimFinancePortal_externalid": {
            "defaultValue": "/subscriptions/8e23dffd-ada5-41c5-b121-ebc51bcbf252/resourceGroups/NEU-DEV-RG-Omnicore/providers/Microsoft.Web/serverfarms/neu-dev-asp-InterimFinancePortal",
            "type": "String"
        }
    },
    "variables": {},
    "resources": [
        {
            "type": "Microsoft.Web/sites",
            "apiVersion": "2021-02-01",
            "name": "[parameters('sites_neu_dev_wap_InterimFinancePortal_name')]",
            "location": "North Europe",
            "tags": {
                "Client": "",
                "Environment": "",
                "Platform": "",
                "Service Dependence": ""
            },
            "kind": "app",
            "properties": {
                "enabled": true,
                "hostNameSslStates": [
                    {
                        "name": "neu-dev-wap-interimfinanceportal.azurewebsites.net",
                        "sslState": "Disabled",
                        "hostType": "Standard"
                    },
                    {
                        "name": "neu-dev-wap-interimfinanceportal.scm.azurewebsites.net",
                        "sslState": "Disabled",
                        "hostType": "Repository"
                    }
                ],
                "serverFarmId": "[parameters('serverfarms_neu_dev_asp_InterimFinancePortal_externalid')]",
                "reserved": false,
                "isXenon": false,
                "hyperV": false,
                "siteConfig": {
                    "numberOfWorkers": 1,
                    "acrUseManagedIdentityCreds": false,
                    "alwaysOn": false,
                    "http20Enabled": false,
                    "functionAppScaleLimit": 0,
                    "minimumElasticInstanceCount": 0
                },
                "scmSiteAlsoStopped": false,
                "clientAffinityEnabled": true,
                "clientCertEnabled": false,
                "clientCertMode": "Required",
                "hostNamesDisabled": false,
                "customDomainVerificationId": "744CEEA5050F04FF4135BF87E9834DCACF1FD28343873D910AD5D89100DDEABB",
                "containerSize": 0,
                "dailyMemoryTimeQuota": 0,
                "httpsOnly": false,
                "redundancyMode": "None",
                "storageAccountRequired": false,
                "keyVaultReferenceIdentity": "SystemAssigned"
            }
        },
        {
            "type": "Microsoft.Web/sites/basicPublishingCredentialsPolicies",
            "apiVersion": "2021-02-01",
            "name": "[concat(parameters('sites_neu_dev_wap_InterimFinancePortal_name'), '/ftp')]",
            "location": "North Europe",
            "dependsOn": [
                "[resourceId('Microsoft.Web/sites', parameters('sites_neu_dev_wap_InterimFinancePortal_name'))]"
            ],
            "tags": {
                "Client": "",
                "Environment": "",
                "Platform": "",
                "Service Dependence": ""
            },
            "properties": {
                "allow": true
            }
        },
        {
            "type": "Microsoft.Web/sites/basicPublishingCredentialsPolicies",
            "apiVersion": "2021-02-01",
            "name": "[concat(parameters('sites_neu_dev_wap_InterimFinancePortal_name'), '/scm')]",
            "location": "North Europe",
            "dependsOn": [
                "[resourceId('Microsoft.Web/sites', parameters('sites_neu_dev_wap_InterimFinancePortal_name'))]"
            ],
            "tags": {
                "Client": "",
                "Environment": "",
                "Platform": "",
                "Service Dependence": ""
            },
            "properties": {
                "allow": true
            }
        },
        {
            "type": "Microsoft.Web/sites/config",
            "apiVersion": "2021-02-01",
            "name": "[concat(parameters('sites_neu_dev_wap_InterimFinancePortal_name'), '/web')]",
            "location": "North Europe",
            "dependsOn": [
                "[resourceId('Microsoft.Web/sites', parameters('sites_neu_dev_wap_InterimFinancePortal_name'))]"
            ],
            "tags": {
                "Client": "",
                "Environment": "",
                "Platform": "",
                "Service Dependence": ""
            },
            "properties": {
                "numberOfWorkers": 1,
                "defaultDocuments": [
                    "Default.htm",
                    "Default.html",
                    "Default.asp",
                    "index.htm",
                    "index.html",
                    "iisstart.htm",
                    "default.aspx",
                    "index.php",
                    "hostingstart.html"
                ],
                "netFrameworkVersion": "v4.0",
                "phpVersion": "5.6",
                "requestTracingEnabled": false,
                "remoteDebuggingEnabled": false,
                "httpLoggingEnabled": false,
                "acrUseManagedIdentityCreds": false,
                "logsDirectorySizeLimit": 35,
                "detailedErrorLoggingEnabled": false,
                "publishingUsername": "$neu-dev-wap-InterimFinancePortal",
                "scmType": "ExternalGit",
                "use32BitWorkerProcess": true,
                "webSocketsEnabled": false,
                "alwaysOn": false,
                "managedPipelineMode": "Integrated",
                "virtualApplications": [
                    {
                        "virtualPath": "/",
                        "physicalPath": "site\\wwwroot",
                        "preloadEnabled": false
                    }
                ],
                "loadBalancing": "LeastRequests",
                "experiments": {
                    "rampUpRules": []
                },
                "autoHealEnabled": false,
                "vnetRouteAllEnabled": false,
                "vnetPrivatePortsCount": 0,
                "localMySqlEnabled": false,
                "ipSecurityRestrictions": [
                    {
                        "ipAddress": "Any",
                        "action": "Allow",
                        "priority": 1,
                        "name": "Allow all",
                        "description": "Allow all access"
                    }
                ],
                "scmIpSecurityRestrictions": [
                    {
                        "ipAddress": "Any",
                        "action": "Allow",
                        "priority": 1,
                        "name": "Allow all",
                        "description": "Allow all access"
                    }
                ],
                "scmIpSecurityRestrictionsUseMain": false,
                "http20Enabled": false,
                "minTlsVersion": "1.2",
                "scmMinTlsVersion": "1.0",
                "ftpsState": "AllAllowed",
                "preWarmedInstanceCount": 0,
                "functionAppScaleLimit": 0,
                "functionsRuntimeScaleMonitoringEnabled": false,
                "minimumElasticInstanceCount": 0,
                "azureStorageAccounts": {}
            }
        },
        {
            "type": "Microsoft.Web/sites/deployments",
            "apiVersion": "2021-02-01",
            "name": "[concat(parameters('sites_neu_dev_wap_InterimFinancePortal_name'), '/23d51a342c0847858032a6593ee745b7')]",
            "location": "North Europe",
            "dependsOn": [
                "[resourceId('Microsoft.Web/sites', parameters('sites_neu_dev_wap_InterimFinancePortal_name'))]"
            ],
            "properties": {
                "status": 4,
                "author_email": "N/A",
                "author": "N/A",
                "deployer": "VSTS",
                "message": "{\"type\":\"deployment\",\"commitId\":\"f18aac7d3a1091d20ece464071a01c30a71b675f\",\"buildId\":\"19718\",\"buildNumber\":\"20210810.1\",\"repoProvider\":\"TfsGit\",\"repoName\":\"Omnicore\",\"collectionUrl\":\"https://paymentct.visualstudio.com/\",\"teamProject\":\"975f1cae-0128-47dd-9634-e15ef7417a08\",\"buildProjectUrl\":\"https://paymentct.visualstudio.com/975f1cae-0128-47dd-9634-e15ef7417a08\",\"repositoryUrl\":\"https://paymentct.visualstudio.com/Omnicore/_git/Omnicore\",\"branch\":\"financeportal\",\"teamProjectName\":\"Omnicore\",\"slotName\":\"production\"}",
                "start_time": "2021-08-10T15:24:48.4197068Z",
                "end_time": "2021-08-10T15:24:48.6071594Z",
                "active": false
            }
        },
        {
            "type": "Microsoft.Web/sites/deployments",
            "apiVersion": "2021-02-01",
            "name": "[concat(parameters('sites_neu_dev_wap_InterimFinancePortal_name'), '/342ec21ab87d457eb2f6503ee9dc607e')]",
            "location": "North Europe",
            "dependsOn": [
                "[resourceId('Microsoft.Web/sites', parameters('sites_neu_dev_wap_InterimFinancePortal_name'))]"
            ],
            "properties": {
                "status": 4,
                "author_email": "N/A",
                "author": "N/A",
                "deployer": "VSTS",
                "message": "{\"type\":\"deployment\",\"commitId\":\"2b4477a3035bf62021fca744f962f635faef7823\",\"buildId\":\"19735\",\"buildNumber\":\"20210811.1\",\"repoProvider\":\"TfsGit\",\"repoName\":\"Omnicore\",\"collectionUrl\":\"https://paymentct.visualstudio.com/\",\"teamProject\":\"975f1cae-0128-47dd-9634-e15ef7417a08\",\"buildProjectUrl\":\"https://paymentct.visualstudio.com/975f1cae-0128-47dd-9634-e15ef7417a08\",\"repositoryUrl\":\"https://paymentct.visualstudio.com/Omnicore/_git/Omnicore\",\"branch\":\"financeportal\",\"teamProjectName\":\"Omnicore\",\"slotName\":\"production\"}",
                "start_time": "2021-08-11T11:12:10.0084039Z",
                "end_time": "2021-08-11T11:12:10.1958892Z",
                "active": false
            }
        },
        {
            "type": "Microsoft.Web/sites/deployments",
            "apiVersion": "2021-02-01",
            "name": "[concat(parameters('sites_neu_dev_wap_InterimFinancePortal_name'), '/454a26069ca14cf298859f2b837b5a61')]",
            "location": "North Europe",
            "dependsOn": [
                "[resourceId('Microsoft.Web/sites', parameters('sites_neu_dev_wap_InterimFinancePortal_name'))]"
            ],
            "properties": {
                "status": 4,
                "author_email": "N/A",
                "author": "N/A",
                "deployer": "VSTS",
                "message": "{\"type\":\"deployment\",\"commitId\":\"2da395fce0c9710dd2f60599527e3cee0bf763bf\",\"buildId\":\"19607\",\"buildNumber\":\"20210806.2\",\"repoProvider\":\"TfsGit\",\"repoName\":\"Omnicore\",\"collectionUrl\":\"https://paymentct.visualstudio.com/\",\"teamProject\":\"975f1cae-0128-47dd-9634-e15ef7417a08\",\"buildProjectUrl\":\"https://paymentct.visualstudio.com/975f1cae-0128-47dd-9634-e15ef7417a08\",\"repositoryUrl\":\"https://paymentct.visualstudio.com/Omnicore/_git/Omnicore\",\"branch\":\"financeportal\",\"teamProjectName\":\"Omnicore\",\"slotName\":\"production\"}",
                "start_time": "2021-08-06T16:49:19.3451789Z",
                "end_time": "2021-08-06T16:49:19.5639177Z",
                "active": false
            }
        },
        {
            "type": "Microsoft.Web/sites/deployments",
            "apiVersion": "2021-02-01",
            "name": "[concat(parameters('sites_neu_dev_wap_InterimFinancePortal_name'), '/64f5dc1b05994467a30455f463b1e828')]",
            "location": "North Europe",
            "dependsOn": [
                "[resourceId('Microsoft.Web/sites', parameters('sites_neu_dev_wap_InterimFinancePortal_name'))]"
            ],
            "properties": {
                "status": 4,
                "author_email": "N/A",
                "author": "N/A",
                "deployer": "VSTS",
                "message": "{\"type\":\"deployment\",\"commitId\":\"f3d2586944cacc465f892564322b4670883b15c3\",\"buildId\":\"19744\",\"buildNumber\":\"20210811.4\",\"repoProvider\":\"TfsGit\",\"repoName\":\"Omnicore\",\"collectionUrl\":\"https://paymentct.visualstudio.com/\",\"teamProject\":\"975f1cae-0128-47dd-9634-e15ef7417a08\",\"buildProjectUrl\":\"https://paymentct.visualstudio.com/975f1cae-0128-47dd-9634-e15ef7417a08\",\"repositoryUrl\":\"https://paymentct.visualstudio.com/Omnicore/_git/Omnicore\",\"branch\":\"financeportal\",\"teamProjectName\":\"Omnicore\",\"slotName\":\"production\"}",
                "start_time": "2021-08-11T13:54:28.910426Z",
                "end_time": "2021-08-11T13:54:29.1135701Z",
                "active": false
            }
        },
        {
            "type": "Microsoft.Web/sites/deployments",
            "apiVersion": "2021-02-01",
            "name": "[concat(parameters('sites_neu_dev_wap_InterimFinancePortal_name'), '/95b3d892e17b479dae99ea368cf68c3a')]",
            "location": "North Europe",
            "dependsOn": [
                "[resourceId('Microsoft.Web/sites', parameters('sites_neu_dev_wap_InterimFinancePortal_name'))]"
            ],
            "properties": {
                "status": 4,
                "author_email": "N/A",
                "author": "N/A",
                "deployer": "VSTS",
                "message": "{\"type\":\"deployment\",\"commitId\":\"0ba11045bf8d91085fc7644256e9c083f2c28ec6\",\"buildId\":\"21417\",\"buildNumber\":\"20211104.1\",\"repoProvider\":\"TfsGit\",\"repoName\":\"Omnicore\",\"collectionUrl\":\"https://paymentct.visualstudio.com/\",\"teamProject\":\"975f1cae-0128-47dd-9634-e15ef7417a08\",\"buildProjectUrl\":\"https://paymentct.visualstudio.com/975f1cae-0128-47dd-9634-e15ef7417a08\",\"repositoryUrl\":\"https://paymentct.visualstudio.com/Omnicore/_git/Omnicore\",\"branch\":\"develop\",\"teamProjectName\":\"Omnicore\",\"slotName\":\"production\"}",
                "start_time": "2021-11-04T16:00:20.1262043Z",
                "end_time": "2021-11-04T16:00:20.3918441Z",
                "active": true
            }
        },
        {
            "type": "Microsoft.Web/sites/deployments",
            "apiVersion": "2021-02-01",
            "name": "[concat(parameters('sites_neu_dev_wap_InterimFinancePortal_name'), '/97f614d06fa3446cab6af5c0dbd52348')]",
            "location": "North Europe",
            "dependsOn": [
                "[resourceId('Microsoft.Web/sites', parameters('sites_neu_dev_wap_InterimFinancePortal_name'))]"
            ],
            "properties": {
                "status": 4,
                "author_email": "N/A",
                "author": "N/A",
                "deployer": "VSTS",
                "message": "{\"type\":\"deployment\",\"commitId\":\"0a9b4fa8279440e0e32b227689cce39a9706be80\",\"buildId\":\"19573\",\"buildNumber\":\"20210806.1\",\"repoProvider\":\"TfsGit\",\"repoName\":\"Omnicore\",\"collectionUrl\":\"https://paymentct.visualstudio.com/\",\"teamProject\":\"975f1cae-0128-47dd-9634-e15ef7417a08\",\"buildProjectUrl\":\"https://paymentct.visualstudio.com/975f1cae-0128-47dd-9634-e15ef7417a08\",\"repositoryUrl\":\"https://paymentct.visualstudio.com/Omnicore/_git/Omnicore\",\"branch\":\"financeportal\",\"teamProjectName\":\"Omnicore\",\"slotName\":\"production\"}",
                "start_time": "2021-08-06T09:27:39.322049Z",
                "end_time": "2021-08-06T09:27:39.7126796Z",
                "active": false
            }
        },
        {
            "type": "Microsoft.Web/sites/deployments",
            "apiVersion": "2021-02-01",
            "name": "[concat(parameters('sites_neu_dev_wap_InterimFinancePortal_name'), '/b3e1b999c2c04154b3b28131f65c4dcf')]",
            "location": "North Europe",
            "dependsOn": [
                "[resourceId('Microsoft.Web/sites', parameters('sites_neu_dev_wap_InterimFinancePortal_name'))]"
            ],
            "properties": {
                "status": 4,
                "author_email": "N/A",
                "author": "N/A",
                "deployer": "VSTS",
                "message": "{\"type\":\"deployment\",\"commitId\":\"34a93b36a6d98152c48c752f15452db22cf2166e\",\"buildId\":\"19741\",\"buildNumber\":\"20210811.3\",\"repoProvider\":\"TfsGit\",\"repoName\":\"Omnicore\",\"collectionUrl\":\"https://paymentct.visualstudio.com/\",\"teamProject\":\"975f1cae-0128-47dd-9634-e15ef7417a08\",\"buildProjectUrl\":\"https://paymentct.visualstudio.com/975f1cae-0128-47dd-9634-e15ef7417a08\",\"repositoryUrl\":\"https://paymentct.visualstudio.com/Omnicore/_git/Omnicore\",\"branch\":\"financeportal\",\"teamProjectName\":\"Omnicore\",\"slotName\":\"production\"}",
                "start_time": "2021-08-11T13:09:31.1672079Z",
                "end_time": "2021-08-11T13:09:31.3703418Z",
                "active": false
            }
        },
        {
            "type": "Microsoft.Web/sites/deployments",
            "apiVersion": "2021-02-01",
            "name": "[concat(parameters('sites_neu_dev_wap_InterimFinancePortal_name'), '/d0fc3ceeb264427dbf9f5e21c22527e9')]",
            "location": "North Europe",
            "dependsOn": [
                "[resourceId('Microsoft.Web/sites', parameters('sites_neu_dev_wap_InterimFinancePortal_name'))]"
            ],
            "properties": {
                "status": 4,
                "author_email": "N/A",
                "author": "N/A",
                "deployer": "VSTS",
                "message": "{\"type\":\"deployment\",\"commitId\":\"eed2d8c7c8c1a7aeb99455a9d91b4a37a00eaa3f\",\"buildId\":\"19798\",\"buildNumber\":\"20210813.1\",\"repoProvider\":\"TfsGit\",\"repoName\":\"Omnicore\",\"collectionUrl\":\"https://paymentct.visualstudio.com/\",\"teamProject\":\"975f1cae-0128-47dd-9634-e15ef7417a08\",\"buildProjectUrl\":\"https://paymentct.visualstudio.com/975f1cae-0128-47dd-9634-e15ef7417a08\",\"repositoryUrl\":\"https://paymentct.visualstudio.com/Omnicore/_git/Omnicore\",\"branch\":\"financeportal\",\"teamProjectName\":\"Omnicore\",\"slotName\":\"production\"}",
                "start_time": "2021-08-13T13:17:06.702955Z",
                "end_time": "2021-08-13T13:17:06.9217246Z",
                "active": false
            }
        },
        {
            "type": "Microsoft.Web/sites/deployments",
            "apiVersion": "2021-02-01",
            "name": "[concat(parameters('sites_neu_dev_wap_InterimFinancePortal_name'), '/f44a9e6edcc541dfa3f34b7c76789d6b')]",
            "location": "North Europe",
            "dependsOn": [
                "[resourceId('Microsoft.Web/sites', parameters('sites_neu_dev_wap_InterimFinancePortal_name'))]"
            ],
            "properties": {
                "status": 4,
                "author_email": "N/A",
                "author": "N/A",
                "deployer": "VSTS",
                "message": "{\"type\":\"deployment\",\"commitId\":\"1380ee105f059131b5cebdacfcd3ec9c63a54220\",\"buildId\":\"19739\",\"buildNumber\":\"20210811.2\",\"repoProvider\":\"TfsGit\",\"repoName\":\"Omnicore\",\"collectionUrl\":\"https://paymentct.visualstudio.com/\",\"teamProject\":\"975f1cae-0128-47dd-9634-e15ef7417a08\",\"buildProjectUrl\":\"https://paymentct.visualstudio.com/975f1cae-0128-47dd-9634-e15ef7417a08\",\"repositoryUrl\":\"https://paymentct.visualstudio.com/Omnicore/_git/Omnicore\",\"branch\":\"financeportal\",\"teamProjectName\":\"Omnicore\",\"slotName\":\"production\"}",
                "start_time": "2021-08-11T12:57:18.2284479Z",
                "end_time": "2021-08-11T12:57:18.4472005Z",
                "active": false
            }
        },
        {
            "type": "Microsoft.Web/sites/deployments",
            "apiVersion": "2021-02-01",
            "name": "[concat(parameters('sites_neu_dev_wap_InterimFinancePortal_name'), '/f7ddbd72ec924c44b380414c758eee9e')]",
            "location": "North Europe",
            "dependsOn": [
                "[resourceId('Microsoft.Web/sites', parameters('sites_neu_dev_wap_InterimFinancePortal_name'))]"
            ],
            "properties": {
                "status": 4,
                "author_email": "N/A",
                "author": "N/A",
                "deployer": "VSTS",
                "message": "{\"type\":\"deployment\",\"commitId\":\"00aa0b588f57511e16ac36b32f1b2519d64b0dd7\",\"buildId\":\"19771\",\"buildNumber\":\"20210812.1\",\"repoProvider\":\"TfsGit\",\"repoName\":\"Omnicore\",\"collectionUrl\":\"https://paymentct.visualstudio.com/\",\"teamProject\":\"975f1cae-0128-47dd-9634-e15ef7417a08\",\"buildProjectUrl\":\"https://paymentct.visualstudio.com/975f1cae-0128-47dd-9634-e15ef7417a08\",\"repositoryUrl\":\"https://paymentct.visualstudio.com/Omnicore/_git/Omnicore\",\"branch\":\"financeportal\",\"teamProjectName\":\"Omnicore\",\"slotName\":\"production\"}",
                "start_time": "2021-08-12T12:33:41.4734875Z",
                "end_time": "2021-08-12T12:33:41.6765619Z",
                "active": false
            }
        },
        {
            "type": "Microsoft.Web/sites/hostNameBindings",
            "apiVersion": "2021-02-01",
            "name": "[concat(parameters('sites_neu_dev_wap_InterimFinancePortal_name'), '/', parameters('sites_neu_dev_wap_InterimFinancePortal_name'), '.azurewebsites.net')]",
            "location": "North Europe",
            "dependsOn": [
                "[resourceId('Microsoft.Web/sites', parameters('sites_neu_dev_wap_InterimFinancePortal_name'))]"
            ],
            "properties": {
                "siteName": "neu-dev-wap-InterimFinancePortal",
                "hostNameType": "Verified"
            }
        }
    ]
}