{
    "$schema": "https://schema.management.azure.com/schemas/2019-04-01/deploymentTemplate.json#",
    "contentVersion": "1.0.0.0",
    "parameters": {
        "virtualNetworks_NEU_DEV_VNA_OmniCore_manual_name": {
            "defaultValue": "NEU-DEV-VNA-OmniCore_manual",
            "type": "String"
        },
        "networkSecurityGroups_NEU_DEV_NSG_AppGateway_externalid": {
            "defaultValue": "/subscriptions/8e23dffd-ada5-41c5-b121-ebc51bcbf252/resourceGroups/NEU-DEV-RG-Omnicore_Manual/providers/Microsoft.Network/networkSecurityGroups/NEU-DEV-NSG-AppGateway",
            "type": "String"
        },
        "virtualNetworks_aks_vnet_26165443_externalid": {
            "defaultValue": "/subscriptions/8e23dffd-ada5-41c5-b121-ebc51bcbf252/resourceGroups/MC_NEU-DEV-RG-Omnicore_manual_NEU-DEV-AKS-OmnicoreManual_northeurope/providers/Microsoft.Network/virtualNetworks/aks-vnet-26165443",
            "type": "String"
        }
    },
    "variables": {},
    "resources": [
        {
            "type": "Microsoft.Network/virtualNetworks",
            "apiVersion": "2020-11-01",
            "name": "[parameters('virtualNetworks_NEU_DEV_VNA_OmniCore_manual_name')]",
            "location": "northeurope",
            "tags": {
                "Environment": "Dev",
                "Platform": "Omnicore",
                "Service Dependence": "P3",
                "Client": "MBS + Vox"
            },
            "properties": {
                "addressSpace": {
                    "addressPrefixes": [
                        "172.21.0.0/16"
                    ]
                },
                "subnets": [
                    {
                        "name": "NEU-DEV-SUB-Peerings",
                        "properties": {
                            "addressPrefix": "172.21.1.0/24",
                            "serviceEndpoints": [
                                {
                                    "service": "Microsoft.Storage",
                                    "locations": [
                                        "northeurope",
                                        "westeurope"
                                    ]
                                }
                            ],
                            "delegations": [],
                            "privateEndpointNetworkPolicies": "Enabled",
                            "privateLinkServiceNetworkPolicies": "Enabled"
                        }
                    },
                    {
                        "name": "NEU-DEV-SUB-AppGateway",
                        "properties": {
                            "addressPrefix": "172.21.0.0/24",
                            "networkSecurityGroup": {
                                "id": "[parameters('networkSecurityGroups_NEU_DEV_NSG_AppGateway_externalid')]"
                            },
                            "serviceEndpoints": [
                                {
                                    "service": "Microsoft.Storage",
                                    "locations": [
                                        "northeurope",
                                        "westeurope"
                                    ]
                                }
                            ],
                            "delegations": [],
                            "privateEndpointNetworkPolicies": "Enabled",
                            "privateLinkServiceNetworkPolicies": "Enabled"
                        }
                    },
                    {
                        "name": "neu-dev-sub-dokstor",
                        "properties": {
                            "addressPrefix": "172.21.2.0/24",
                            "serviceEndpoints": [
                                {
                                    "service": "Microsoft.Storage",
                                    "locations": [
                                        "northeurope",
                                        "westeurope"
                                    ]
                                }
                            ],
                            "delegations": [],
                            "privateEndpointNetworkPolicies": "Enabled",
                            "privateLinkServiceNetworkPolicies": "Enabled"
                        }
                    }
                ],
                "virtualNetworkPeerings": [
                    {
                        "name": "Omnicore_to_AKS",
                        "properties": {
                            "peeringState": "Connected",
                            "remoteVirtualNetwork": {
                                "id": "[parameters('virtualNetworks_aks_vnet_26165443_externalid')]"
                            },
                            "allowVirtualNetworkAccess": true,
                            "allowForwardedTraffic": false,
                            "allowGatewayTransit": false,
                            "useRemoteGateways": false,
                            "remoteAddressSpace": {
                                "addressPrefixes": [
                                    "10.0.0.0/8"
                                ]
                            }
                        }
                    }
                ],
                "enableDdosProtection": false
            }
        },
        {
            "type": "Microsoft.Network/virtualNetworks/subnets",
            "apiVersion": "2020-11-01",
            "name": "[concat(parameters('virtualNetworks_NEU_DEV_VNA_OmniCore_manual_name'), '/NEU-DEV-SUB-AppGateway')]",
            "dependsOn": [
                "[resourceId('Microsoft.Network/virtualNetworks', parameters('virtualNetworks_NEU_DEV_VNA_OmniCore_manual_name'))]"
            ],
            "properties": {
                "addressPrefix": "172.21.0.0/24",
                "networkSecurityGroup": {
                    "id": "[parameters('networkSecurityGroups_NEU_DEV_NSG_AppGateway_externalid')]"
                },
                "serviceEndpoints": [
                    {
                        "service": "Microsoft.Storage",
                        "locations": [
                            "northeurope",
                            "westeurope"
                        ]
                    }
                ],
                "delegations": [],
                "privateEndpointNetworkPolicies": "Enabled",
                "privateLinkServiceNetworkPolicies": "Enabled"
            }
        },
        {
            "type": "Microsoft.Network/virtualNetworks/subnets",
            "apiVersion": "2020-11-01",
            "name": "[concat(parameters('virtualNetworks_NEU_DEV_VNA_OmniCore_manual_name'), '/neu-dev-sub-dokstor')]",
            "dependsOn": [
                "[resourceId('Microsoft.Network/virtualNetworks', parameters('virtualNetworks_NEU_DEV_VNA_OmniCore_manual_name'))]"
            ],
            "properties": {
                "addressPrefix": "172.21.2.0/24",
                "serviceEndpoints": [
                    {
                        "service": "Microsoft.Storage",
                        "locations": [
                            "northeurope",
                            "westeurope"
                        ]
                    }
                ],
                "delegations": [],
                "privateEndpointNetworkPolicies": "Enabled",
                "privateLinkServiceNetworkPolicies": "Enabled"
            }
        },
        {
            "type": "Microsoft.Network/virtualNetworks/subnets",
            "apiVersion": "2020-11-01",
            "name": "[concat(parameters('virtualNetworks_NEU_DEV_VNA_OmniCore_manual_name'), '/NEU-DEV-SUB-Peerings')]",
            "dependsOn": [
                "[resourceId('Microsoft.Network/virtualNetworks', parameters('virtualNetworks_NEU_DEV_VNA_OmniCore_manual_name'))]"
            ],
            "properties": {
                "addressPrefix": "172.21.1.0/24",
                "serviceEndpoints": [
                    {
                        "service": "Microsoft.Storage",
                        "locations": [
                            "northeurope",
                            "westeurope"
                        ]
                    }
                ],
                "delegations": [],
                "privateEndpointNetworkPolicies": "Enabled",
                "privateLinkServiceNetworkPolicies": "Enabled"
            }
        },
        {
            "type": "Microsoft.Network/virtualNetworks/virtualNetworkPeerings",
            "apiVersion": "2020-11-01",
            "name": "[concat(parameters('virtualNetworks_NEU_DEV_VNA_OmniCore_manual_name'), '/Omnicore_to_AKS')]",
            "dependsOn": [
                "[resourceId('Microsoft.Network/virtualNetworks', parameters('virtualNetworks_NEU_DEV_VNA_OmniCore_manual_name'))]"
            ],
            "properties": {
                "peeringState": "Connected",
                "remoteVirtualNetwork": {
                    "id": "[parameters('virtualNetworks_aks_vnet_26165443_externalid')]"
                },
                "allowVirtualNetworkAccess": true,
                "allowForwardedTraffic": false,
                "allowGatewayTransit": false,
                "useRemoteGateways": false,
                "remoteAddressSpace": {
                    "addressPrefixes": [
                        "10.0.0.0/8"
                    ]
                }
            }
        }
    ]
}