{
  "$schema": "https://schema.management.azure.com/schemas/2019-04-01/deploymentTemplate.json#",
  "contentVersion": "1.0.0.0",
  "parameters": {
    "aksResourceGroupName": {
      "type": "string",
      "defaultValue": "[resourceGroup().name]"
    },
    "aksVnetName": {
      "type": "string",
      "defaultValue": "[concat(parameters('resourcePrefix'), '-aks')]"
    },
    "apiManagementSubnetName": {
      "type": "string",
      "defaultValue": "api-management"
    },
    "appGatewayNetworkSecurityGroupName": {
      "type": "string",
      "defaultValue": "app-gateway"
    },
    "appGatewaySubnetName": {
      "type": "string",
      "defaultValue": "app-gateway"
    },
    "dokstorSubnetName": {
      "type": "string",
      "defaultValue": "[concat(subscription().displayName, '-Dokstor')]"
    },
    "location": {
      "type": "string",
      "defaultValue": "UK South"
    },
    "peeringsSubnetName": {
      "type": "string",
      "defaultValue": "[concat(subscription().displayName, '-Peerings')]"
    },
    "resourcePrefix": {
      "type": "string",
      "defaultValue": "uks-test"
    },
    "virtualNetworkName": {
      "defaultValue": "[concat(parameters('resourcePrefix'), '-vna')]",
      "type": "String"
    },
    "tags": {
      "type": "object",
      "defaultValue": {
        "Environment": "Test"
      }
    },
    "virtualNetworkPeeringsName": {
      "type": "string",
      "defaultValue": "Omnicore_to_AKS"
    }
  },
  "variables": {
    "aksVnetId": "[resourceId(parameters('aksResourceGroupName'), 'Microsoft.Network/virtualNetworks',  parameters('aksVnetName'))]",
    "appGatewayNetworkSecurityGroupId": "[resourceId('Microsoft.Network/networkSecurityGroups', parameters('appGatewayNetworkSecurityGroupName'))]"
  },
  "resources": [
    {
      "type": "Microsoft.Network/virtualNetworks",
      "apiVersion": "2020-11-01",
      "name": "[parameters('virtualNetworkName')]",
      "location": "[parameters('location')]",
      "tags": "[parameters('tags')]",
      "properties": {
        "addressSpace": {
          "addressPrefixes": [
            "172.21.0.0/16"
          ]
        },
        "enableDdosProtection": false
      }
    },
    {
      "type": "Microsoft.Network/virtualNetworks/subnets",
      "apiVersion": "2020-11-01",
      "name": "[concat(parameters('virtualNetworkName'), '/', parameters('appGatewaySubnetName'))]",
      "dependsOn": [
        "[resourceId('Microsoft.Network/virtualNetworks', parameters('virtualNetworkName'))]"
      ],
      "properties": {
        "addressPrefix": "172.21.0.0/24",
        "networkSecurityGroup": {
          "id": "[variables('appGatewayNetworkSecurityGroupId')]"
        },
        "applicationGatewayIPConfigurations": [
          {
            "id": "[concat(resourceid('Microsoft.Network/applicationGateways', parameters('apiManagementSubnetName')), '/gatewayIPConfigurations/appGatewayIpConfig')]"
          }
        ],
        "serviceEndpoints": [
          {
            "service": "Microsoft.Storage",
            "locations": [
              "[parameters('location')]"
            ]
          }
        ],
        "delegations": [],
        "privateEndpointNetworkPolicies": "Enabled",
        "privateLinkServiceNetworkPolicies": "Enabled"
      }
    },
    {
      "type": "Microsoft.Network/virtualNetworks/subnets",
      "apiVersion": "2020-11-01",
      "name": "[concat(parameters('virtualNetworkName'), '/', parameters('dokstorSubnetName'))]",
      "dependsOn": [
        "[resourceId('Microsoft.Network/virtualNetworks', parameters('virtualNetworkName'))]"
      ],
      "properties": {
        "addressPrefix": "172.21.2.0/24",
        "serviceEndpoints": [
          {
            "service": "Microsoft.Storage",
            "locations": [
              "[parameters('location')]"
            ]
          }
        ],
        "delegations": [],
        "privateEndpointNetworkPolicies": "Enabled",
        "privateLinkServiceNetworkPolicies": "Enabled"
      }
    },
    {
      "type": "Microsoft.Network/virtualNetworks/subnets",
      "apiVersion": "2020-11-01",
      "name": "[concat(parameters('virtualNetworkName'), '/', parameters('peeringsSubnetName'))]",
      "dependsOn": [
        "[resourceId('Microsoft.Network/virtualNetworks', parameters('virtualNetworkName'))]"
      ],
      "properties": {
        "addressPrefix": "172.21.1.0/24",
        "serviceEndpoints": [
          {
            "service": "Microsoft.Storage",
            "locations": [
              "[parameters('location')]"
            ]
          }
        ],
        "delegations": [],
        "privateEndpointNetworkPolicies": "Enabled",
        "privateLinkServiceNetworkPolicies": "Enabled"
      }
    },
    {
      "type": "Microsoft.Network/virtualNetworks/virtualNetworkPeerings",
      "apiVersion": "2020-11-01",
      "name": "[concat(parameters('virtualNetworkName'), '/', parameters('virtualNetworkPeeringsName'))]",
      "dependsOn": [
        "[resourceId('Microsoft.Network/virtualNetworks', parameters('virtualNetworkName'))]"
      ],
      "properties": {
        "peeringState": "Connected",
        "remoteVirtualNetwork": {
          "id": "[variables('aksVnetId')]"
        },
        "doNotVerifyRemoteGateways":false,
                "allowVirtualNetworkAccess": true,
        "allowForwardedTraffic": true,
        "allowGatewayTransit": false,
        "useRemoteGateways": false,
        "remoteAddressSpace": {
          "addressPrefixes": [
            "10.0.0.0/8"
          ]
        }
      }
    }
  ]
}