{
    "$schema": "https://schema.management.azure.com/schemas/2019-04-01/deploymentTemplate.json#",
    "contentVersion": "1.0.0.0",
    "parameters": {
        "profiles_DEV_SPA_name": {
            "defaultValue": "DEV-SPA",
            "type": "String"
        }
    },
    "variables": {},
    "resources": [
        {
            "type": "Microsoft.Cdn/profiles/endpoints",
            "apiVersion": "2020-09-01",
            "name": "[concat(parameters('profiles_DEV_SPA_name'), '/OMNIO-', parameters('profiles_DEV_SPA_name'))]",
            "location": "Global",
            "tags": {
                "Client": "",
                "Environment": "",
                "Platform": "",
                "Service Dependence": ""
            },
            "properties": {
                "originHostHeader": "neudevstacontenttest.blob.core.windows.net",
                "contentTypesToCompress": [
                    "application/eot",
                    "application/font",
                    "application/font-sfnt",
                    "application/javascript",
                    "application/json",
                    "application/opentype",
                    "application/otf",
                    "application/pkcs7-mime",
                    "application/truetype",
                    "application/ttf",
                    "application/vnd.ms-fontobject",
                    "application/xhtml+xml",
                    "application/xml",
                    "application/xml+rss",
                    "application/x-font-opentype",
                    "application/x-font-truetype",
                    "application/x-font-ttf",
                    "application/x-httpd-cgi",
                    "application/x-javascript",
                    "application/x-mpegurl",
                    "application/x-opentype",
                    "application/x-otf",
                    "application/x-perl",
                    "application/x-ttf",
                    "font/eot",
                    "font/ttf",
                    "font/otf",
                    "font/opentype",
                    "image/svg+xml",
                    "text/css",
                    "text/csv",
                    "text/html",
                    "text/javascript",
                    "text/js",
                    "text/plain",
                    "text/richtext",
                    "text/tab-separated-values",
                    "text/xml",
                    "text/x-script",
                    "text/x-component",
                    "text/x-java-source"
                ],
                "isCompressionEnabled": true,
                "isHttpAllowed": true,
                "isHttpsAllowed": true,
                "queryStringCachingBehavior": "IgnoreQueryString",
                "origins": [
                    {
                        "name": "neudevstacontenttest-blob-core-windows-net",
                        "properties": {
                            "hostName": "neudevstacontenttest.blob.core.windows.net",
                            "httpPort": 80,
                            "httpsPort": 443,
                            "originHostHeader": "neudevstacontenttest.blob.core.windows.net",
                            "priority": 1,
                            "weight": 1000,
                            "enabled": true
                        }
                    }
                ],
                "originGroups": [],
                "geoFilters": [],
                "urlSigningKeys": []
            }
        },
        {
            "type": "Microsoft.Cdn/profiles/endpoints/origins",
            "apiVersion": "2020-09-01",
            "name": "[concat(parameters('profiles_DEV_SPA_name'), '/OMNIO-', parameters('profiles_DEV_SPA_name'), '/neudevstacontenttest-blob-core-windows-net')]",
            "dependsOn": [
                "[resourceId('Microsoft.Cdn/profiles/endpoints', parameters('profiles_DEV_SPA_name'), concat('OMNIO-', parameters('profiles_DEV_SPA_name')))]"
            ],
            "properties": {
                "hostName": "neudevstacontenttest.blob.core.windows.net",
                "httpPort": 80,
                "httpsPort": 443,
                "originHostHeader": "neudevstacontenttest.blob.core.windows.net",
                "priority": 1,
                "weight": 1000,
                "enabled": true
            }
        }
    ]
}