{
    "$schema": "https://schema.management.azure.com/schemas/2019-04-01/deploymentTemplate.json#",
    "contentVersion": "1.0.0.0",
    "parameters": {
        "servers_neu_dev_sdb_processor_manual_name": {
            "defaultValue": "neu-dev-sdb-processor-manual",
            "type": "String"
        }
    },
    "variables": {},
    "resources": [
        {
            "type": "Microsoft.Sql/servers/databases",
            "apiVersion": "2021-02-01-preview",
            "name": "[concat(parameters('servers_neu_dev_sdb_processor_manual_name'), '/neu-dev-db-omnboarding')]",
            "location": "northeurope",
            "tags": {
                "Environment": "Dev",
                "application": "Omnicore Onboarding",
                "Client": "MBS + Vox",
                "Platform": "",
                "Service Dependence": ""
            },
            "sku": {
                "name": "GP_S_Gen5",
                "tier": "GeneralPurpose",
                "family": "Gen5",
                "capacity": 1
            },
            "kind": "v12.0,user,vcore,serverless",
            "properties": {
                "collation": "SQL_Latin1_General_CP1_CI_AS",
                "maxSizeBytes": 34359738368,
                "catalogCollation": "SQL_Latin1_General_CP1_CI_AS",
                "zoneRedundant": false,
                "readScale": "Disabled",
                "autoPauseDelay": 60,
                "requestedBackupStorageRedundancy": "Geo",
                "minCapacity": 0.5,
                "maintenanceConfigurationId": "/subscriptions/8e23dffd-ada5-41c5-b121-ebc51bcbf252/providers/Microsoft.Maintenance/publicMaintenanceConfigurations/SQL_NorthEurope_DB_2",
                "isLedgerOn": false
            }
        },
        {
            "type": "Microsoft.Sql/servers/databases/auditingPolicies",
            "apiVersion": "2014-04-01",
            "name": "[concat(parameters('servers_neu_dev_sdb_processor_manual_name'), '/neu-dev-db-omnboarding/Default')]",
            "location": "North Europe",
            "dependsOn": [
                "[resourceId('Microsoft.Sql/servers/databases', parameters('servers_neu_dev_sdb_processor_manual_name'), 'neu-dev-db-omnboarding')]"
            ],
            "properties": {
                "auditingState": "Disabled"
            }
        },
        {
            "type": "Microsoft.Sql/servers/databases/auditingSettings",
            "apiVersion": "2021-02-01-preview",
            "name": "[concat(parameters('servers_neu_dev_sdb_processor_manual_name'), '/neu-dev-db-omnboarding/Default')]",
            "dependsOn": [
                "[resourceId('Microsoft.Sql/servers/databases', parameters('servers_neu_dev_sdb_processor_manual_name'), 'neu-dev-db-omnboarding')]"
            ],
            "properties": {
                "retentionDays": 0,
                "isAzureMonitorTargetEnabled": false,
                "state": "Disabled",
                "storageAccountSubscriptionId": "00000000-0000-0000-0000-000000000000"
            }
        },
        {
            "type": "Microsoft.Sql/servers/databases/backupLongTermRetentionPolicies",
            "apiVersion": "2021-02-01-preview",
            "name": "[concat(parameters('servers_neu_dev_sdb_processor_manual_name'), '/neu-dev-db-omnboarding/default')]",
            "dependsOn": [
                "[resourceId('Microsoft.Sql/servers/databases', parameters('servers_neu_dev_sdb_processor_manual_name'), 'neu-dev-db-omnboarding')]"
            ],
            "properties": {
                "weeklyRetention": "PT0S",
                "monthlyRetention": "PT0S",
                "yearlyRetention": "PT0S",
                "weekOfYear": 0
            }
        },
        {
            "type": "Microsoft.Sql/servers/databases/backupShortTermRetentionPolicies",
            "apiVersion": "2021-02-01-preview",
            "name": "[concat(parameters('servers_neu_dev_sdb_processor_manual_name'), '/neu-dev-db-omnboarding/default')]",
            "dependsOn": [
                "[resourceId('Microsoft.Sql/servers/databases', parameters('servers_neu_dev_sdb_processor_manual_name'), 'neu-dev-db-omnboarding')]"
            ],
            "properties": {
                "retentionDays": 7,
                "diffBackupIntervalInHours": 12
            }
        },
        {
            "type": "Microsoft.Sql/servers/databases/extendedAuditingSettings",
            "apiVersion": "2021-02-01-preview",
            "name": "[concat(parameters('servers_neu_dev_sdb_processor_manual_name'), '/neu-dev-db-omnboarding/Default')]",
            "dependsOn": [
                "[resourceId('Microsoft.Sql/servers/databases', parameters('servers_neu_dev_sdb_processor_manual_name'), 'neu-dev-db-omnboarding')]"
            ],
            "properties": {
                "retentionDays": 0,
                "isAzureMonitorTargetEnabled": false,
                "state": "Disabled",
                "storageAccountSubscriptionId": "00000000-0000-0000-0000-000000000000"
            }
        },
        {
            "type": "Microsoft.Sql/servers/databases/geoBackupPolicies",
            "apiVersion": "2014-04-01",
            "name": "[concat(parameters('servers_neu_dev_sdb_processor_manual_name'), '/neu-dev-db-omnboarding/Default')]",
            "location": "North Europe",
            "dependsOn": [
                "[resourceId('Microsoft.Sql/servers/databases', parameters('servers_neu_dev_sdb_processor_manual_name'), 'neu-dev-db-omnboarding')]"
            ],
            "properties": {
                "state": "Enabled"
            }
        },
        {
            "type": "Microsoft.Sql/servers/databases/ledgerDigestUploads",
            "apiVersion": "2021-02-01-preview",
            "name": "[concat(parameters('servers_neu_dev_sdb_processor_manual_name'), '/neu-dev-db-omnboarding/Current')]",
            "dependsOn": [
                "[resourceId('Microsoft.Sql/servers/databases', parameters('servers_neu_dev_sdb_processor_manual_name'), 'neu-dev-db-omnboarding')]"
            ],
            "properties": {}
        },
        {
            "type": "Microsoft.Sql/servers/databases/securityAlertPolicies",
            "apiVersion": "2021-02-01-preview",
            "name": "[concat(parameters('servers_neu_dev_sdb_processor_manual_name'), '/neu-dev-db-omnboarding/Default')]",
            "dependsOn": [
                "[resourceId('Microsoft.Sql/servers/databases', parameters('servers_neu_dev_sdb_processor_manual_name'), 'neu-dev-db-omnboarding')]"
            ],
            "properties": {
                "state": "Disabled",
                "disabledAlerts": [
                    ""
                ],
                "emailAddresses": [
                    ""
                ],
                "emailAccountAdmins": false,
                "retentionDays": 0
            }
        },
        {
            "type": "Microsoft.Sql/servers/databases/transparentDataEncryption",
            "apiVersion": "2021-02-01-preview",
            "name": "[concat(parameters('servers_neu_dev_sdb_processor_manual_name'), '/neu-dev-db-omnboarding/Current')]",
            "dependsOn": [
                "[resourceId('Microsoft.Sql/servers/databases', parameters('servers_neu_dev_sdb_processor_manual_name'), 'neu-dev-db-omnboarding')]"
            ],
            "properties": {
                "state": "Enabled"
            }
        },
        {
            "type": "Microsoft.Sql/servers/databases/vulnerabilityAssessments",
            "apiVersion": "2021-02-01-preview",
            "name": "[concat(parameters('servers_neu_dev_sdb_processor_manual_name'), '/neu-dev-db-omnboarding/Default')]",
            "dependsOn": [
                "[resourceId('Microsoft.Sql/servers/databases', parameters('servers_neu_dev_sdb_processor_manual_name'), 'neu-dev-db-omnboarding')]"
            ],
            "properties": {
                "recurringScans": {
                    "isEnabled": false,
                    "emailSubscriptionAdmins": true,
                    "emails": []
                }
            }
        }
    ]
}