{
  "data": {
    "requestId": "d385ab22-0f51-4b97-9ecd-b8ff3fd4fcb6",
    "processedUtc": "2019-08-24T14:15:22Z",
    "paginationData": {
      "totalCount": 20,
      "pageSize": 3,
      "pageCount": 3,
      "pageNumber": 1
    },
    "directDebits": [
      {
        "id": "4574155486",
        "payeeName": "Sky",
        "fromAccount": "Main Account",
        "lastPaid": "2019-08-24T14:15:22Z",
        "reference": "XXX",
        "amount": {
          "currency": "GBP",
          "minorUnits": 1000,
          "majorUnits": "10.00",
          "Scale": 2
        },
        "status": "active"
      },
      {
        "id": "4574155482",
        "payeeName": "Sky",
        "fromAccount": "Main Account",
        "lastPaid": "2019-08-24T14:15:22Z",
        "reference": "XXX",
        "amount": {
          "currency": "GBP",
          "minorUnits": 1000,
          "majorUnits": "10.00",
          "Scale": 2
        },
        "status": "active"
      },
      {
        "id": "4574155482",
        "payeeName": "Sky",
        "fromAccount": "Main Account",
        "lastPaid": "2019-08-24T14:15:22Z",
        "reference": "XXX",
        "amount": {
          "currency": "GBP",
          "minorUnits": 1000,
          "majorUnits": "10.00",
          "Scale": 2
        },
        "status": "active"
      },
      {
        "id": "4574155485",
        "payeeName": "Vodafone",
        "fromAccount": "Main Account",
        "lastPaid": "2019-08-24T14:15:22Z",
        "reference": "XXXX",       
        "status": "active"
      }
    ]
  }
}
