{
  "data": {
    "requestId": "d385ab22-0f51-4b97-9ecd-b8ff3fd4fcb6",
    "processedUtc": "2019-08-24T14:15:22Z",
    "paginationData": {
      "totalCount": 20,
      "pageSize": 3,
      "pageCount": 3,
      "pageNumber": 1
    },
    "standingOrders": [
      {
        "id": "4574155486",
        "payeeName": "Test Company",
        "fromAccount": "5114867624",
        "dueDate": "2019-08-24T14:15:22Z",
        "amount": {
          "currency": "GBP",
          "minorUnits": 1000,
          "majorUnits": "10.00",
          "Scale": 2
        },
        "frequency": "weekly"
      },
      {
        "id": "4574155487",
        "payeeName": "Lloyds Mortgage",
        "fromAccount": "5550380116",
        "dueDate": "2019-08-24T14:15:22Z",
        "amount": {
          "currency": "GBP",
          "minorUnits": 100000,
          "majorUnits": "1000.00",
          "Scale": 2
        },
        "frequency": "monthly"
      },
      {
        "id": "4574155488",
        "payeeName": "Credit Card",
        "fromAccount": "5550380116",
        "dueDate": "2019-08-24T14:15:22Z",
        "amount": {
          "currency": "GBP",
          "minorUnits": 105000,
          "majorUnits": "1050.00",
          "Scale": 2
        },
        "frequency": "monthly"
      }
    ]
  }
}
