{
  "requestId": "d385ab22-0f51-4b97-9ecd-b8ff3fd4fcb6",
  "processedUtc": "2019-08-24T14:15:22Z",
  "user": {
    "personId": "123456789",
    "lastLogin": "2019-08-24T14:15:22Z",
    "firstName": "Aran",
    "lastName": "Gibbs",
    "fullName": "Mr Aran Gibbs",
    "email": "aran.gibbs@gmail.com",
    "mobilePhone": "+44 7010 010101",
    "address": {
      "companyName": "string",
      "line1": "8 Locking Stumps Lane",
      "line2": "",
      "line3": "",
      "line4": "",
      "county": "",
      "city": "Birchwood",
      "state": "",
      "postalCode": "WA3 7LZ",
      "country": "United Kingdom"
    }
  },
  "accounts": [
    {
      "accountId": "eyJzdWIiOiIxMjM0NTY3ODkwIiwiaXNzdWVyIjoib21uaWNvcmUiLCJhY2NvdW50SWQiOiI5MTM0ZTgzYS0zMDc5LTQ4Y2MtOGZjZS1hMDgxZmZiYzhmODgiLCJpYXQiOjE1MTYyMzkwMjJ9",
      "accountType": "current",
      "accountHolders": [
        {
          "name": "Aran Gibbs",
          "isPrimary": true
        }
      ],
      "sortCode": "01-01-01",
      "accountNumber": "5114867624"
    },
    {
      "accountId": "11111IiOiIxMjM0NTY3ODkwIiwiaXNzdWVyIjoib21uaWNvcmUiLCJhY2NvdW50SWQiOiI5MTM0ZTgzYS0zMDc5LTQ4Y2MtOGZjZS1hMDgxZmZiYzhmODgiLCJpYXQiOjE1MTYyMzkwMjJ9",
      "accountType": "youth",
      "accountHolders": [
        {
          "name": "Tony Robbins",
          "isPrimary": true
        }
      ],
      "sortCode": "20-20-20",
      "accountNumber": "5114867624"
    }
  ],
  "wallets": [
    {
      "currency": "GBP",
      "nickName": "Main Wallet",
      "walletType": "card",

      "linkedToAccount": "eyJzdWIiOiIxMjM0NTY3ODkwIiwiaXNzdWVyIjoib21uaWNvcmUiLCJhY2NvdW50SWQiOiI5MTM0ZTgzYS0zMDc5LTQ4Y2MtOGZjZS1hMDgxZmZiYzhmODgiLCJpYXQiOjE1MTYyMzkwMjJ9",
      "transactions": {
        "requestId": "d385ab22-0f51-4b97-9ecd-b8ff3fd4fcb6",
        "processedUtc": "2019-08-24T14:15:22Z",
        "paginationData": {
          "totalCount": 16,
          "pageSize": 15,
          "pageCount": 2,
          "pageNumber": 1
        },
        "pendingTransactions": [
          {
            "id": "111",
            "transactionDate": "2019-08-14",
            "description": "Additional card fee (credit)",
            "value": {
              "currency": "GBP",
              "minorUnits": 1200,
              "majorUnits": "12.00",
              "Scale": 2
            },
            "balance": {
              "currency": "GBP",
              "minorUnits": 100000,
              "majorUnits": "100.00",
              "Scale": 2
            }
          },
          {
            "id": "222",
            "transactionDate": "2019-08-24",
            "description": "Balance adjustment (credit)",
            "value": {
              "currency": "GBP",
              "minorUnits": 2000,
              "majorUnits": "2.00",
              "Scale": 2
            },
            "balance": {
              "currency": "GBP",
              "minorUnits": 102000,
              "majorUnits": "102.00",
              "Scale": 2
            }
          },
          {
            "id": "550793326",
            "transactionDate": "2019-08-24",
            "description": "Closure fee (debit)",
            "value": {
              "currency": "GBP",
              "minorUnits": -2000,
              "majorUnits": "-200.00",
              "Scale": 2
            },
            "balance": {
              "currency": "GBP",
              "minorUnits": 100000,
              "majorUnits": "100.00",
              "Scale": 2
            }
          }
        ],
        "transactions": [
          {
            "id": "111",
            "transactionDate": "2019-08-14",
            "description": "Additional card fee (credit)",
            "value": {
              "currency": "GBP",
              "minorUnits": 1200,
              "majorUnits": "12.00",
              "Scale": 2
            },
            "balance": {
              "currency": "GBP",
              "minorUnits": 100000,
              "majorUnits": "100.00",
              "Scale": 2
            }
          },
          {
            "id": "222",
            "transactionDate": "2019-08-24",
            "description": "Balance adjustment (credit)",
            "value": {
              "currency": "GBP",
              "minorUnits": 2000,
              "majorUnits": "2.00",
              "Scale": 2
            },
            "balance": {
              "currency": "GBP",
              "minorUnits": 102000,
              "majorUnits": "102.00",
              "Scale": 2
            }
          },
          {
            "id": "550793326",
            "transactionDate": "2019-08-24",
            "description": "Closure fee (debit)",
            "value": {
              "currency": "GBP",
              "minorUnits": -2000,
              "majorUnits": "-200.00",
              "Scale": 2
            },
            "balance": {
              "currency": "GBP",
              "minorUnits": 100000,
              "majorUnits": "100.00",
              "Scale": 2
            }
          },
          {
            "id": "550793426",
            "transactionDate": "2019-08-24",
            "description": "Closure fee (debit)",
            "details": "3rd Party Payment",
            "value": {
              "currency": "GBP",
              "minorUnits": -2000,
              "majorUnits": "-200.00",
              "Scale": 2
            },
            "balance": {
              "currency": "GBP",
              "minorUnits": 100000,
              "majorUnits": "100.00",
              "Scale": 2
            }
          },
          {
            "id": "5533079326",
            "transactionDate": "2019-08-24",
            "description": "Closure fee (debit)",
            "details": "3rd Party Payment",
            "value": {
              "currency": "GBP",
              "minorUnits": -2000,
              "majorUnits": "-200.00",
              "Scale": 2
            },
            "balance": {
              "currency": "GBP",
              "minorUnits": 100000,
              "majorUnits": "100.00",
              "Scale": 2
            }
          },
          {
            "id": "550479326",
            "transactionDate": "2019-08-24",
            "description": "Closure fee (debit)",
            "value": {
              "currency": "GBP",
              "minorUnits": -2000,
              "majorUnits": "-200.00",
              "Scale": 2
            },
            "balance": {
              "currency": "GBP",
              "minorUnits": 100000,
              "majorUnits": "100.00",
              "Scale": 2
            }
          },
          {
            "id": "5507934326",
            "transactionDate": "2019-08-24",
            "description": "Closure fee (debit)",
            "value": {
              "currency": "GBP",
              "minorUnits": -2000,
              "majorUnits": "-200.00",
              "Scale": 2
            },
            "balance": {
              "currency": "GBP",
              "minorUnits": 100000,
              "majorUnits": "100.00",
              "Scale": 2
            }
          },
          {
            "id": "550793426",
            "transactionDate": "2019-08-24",
            "description": "Closure fee (debit)",
            "value": {
              "currency": "GBP",
              "minorUnits": -2000,
              "majorUnits": "-200.00",
              "Scale": 2
            },
            "balance": {
              "currency": "GBP",
              "minorUnits": 100000,
              "majorUnits": "100.00",
              "Scale": 2
            }
          },
          {
            "id": "550729326",
            "transactionDate": "2019-08-24",
            "description": "Closure fee (debit)",
            "value": {
              "currency": "GBP",
              "minorUnits": -2000,
              "majorUnits": "-200.00",
              "Scale": 2
            },
            "balance": {
              "currency": "GBP",
              "minorUnits": 100000,
              "majorUnits": "100.00",
              "Scale": 2
            }
          },
          {
            "id": "515079326",
            "transactionDate": "2019-08-24",
            "description": "Closure fee (debit)",
            "value": {
              "currency": "GBP",
              "minorUnits": -2000,
              "majorUnits": "-200.00",
              "Scale": 2
            },
            "balance": {
              "currency": "GBP",
              "minorUnits": 100000,
              "majorUnits": "100.00",
              "Scale": 2
            }
          },
          {
            "id": "550793214",
            "transactionDate": "2019-08-24",
            "description": "Additional card fee (credit)",
            "value": {
              "currency": "GBP",
              "minorUnits": 1200,
              "majorUnits": "12.00",
              "Scale": 2
            },
            "balance": {
              "currency": "GBP",
              "minorUnits": 100000,
              "majorUnits": "100.00",
              "Scale": 2
            }
          },
          {
            "id": "550793525",
            "transactionDate": "2019-08-24",
            "description": "Balance adjustment (credit)",
            "value": {
              "currency": "GBP",
              "minorUnits": 2000,
              "majorUnits": "2.00",
              "Scale": 2
            },
            "balance": {
              "currency": "GBP",
              "minorUnits": 102000,
              "majorUnits": "102.00",
              "Scale": 2
            }
          },
          {
            "id": "550793426",
            "transactionDate": "2019-08-24",
            "description": "Closure fee (debit)",
            "value": {
              "currency": "GBP",
              "minorUnits": -2000,
              "majorUnits": "-200.00",
              "Scale": 2
            },
            "balance": {
              "currency": "GBP",
              "minorUnits": 100000,
              "majorUnits": "100.00",
              "Scale": 2
            }
          },
          {
            "id": "550379325",
            "transactionDate": "2019-08-24",
            "description": "Balance adjustment (credit)",
            "value": {
              "currency": "GBP",
              "minorUnits": 2000,
              "majorUnits": "2.00",
              "Scale": 2
            },
            "balance": {
              "currency": "GBP",
              "minorUnits": 102000,
              "majorUnits": "102.00",
              "Scale": 2
            }
          },
          {
            "id": "550795326",
            "transactionDate": "2019-08-24",
            "description": "Closure fee (debit)",
            "value": {
              "currency": "GBP",
              "minorUnits": -2000,
              "majorUnits": "-200.00",
              "Scale": 2
            },
            "balance": {
              "currency": "GBP",
              "minorUnits": 100000,
              "majorUnits": "100.00",
              "Scale": 2
            }
          },
          {
            "id": "550793261111",
            "transactionDate": "2019-08-24",
            "description": "Closure fee (debit)",
            "details": "3rd Party Payment",
            "value": {
              "currency": "GBP",
              "minorUnits": -2000,
              "majorUnits": "-200.00",
              "Scale": 2
            },
            "balance": {
              "currency": "GBP",
              "minorUnits": 100000,
              "majorUnits": "100.00",
              "Scale": 2
            }
          }
        ]
      },
      "walletImageUrl": "omnio-card-adult.png",
      "color": "F58220",
      "textColor": "white",
      "icon": "fa-star",
      "walletId": "5114867624",
      "availableBalance": {
        "currency": "GBP",
        "minorUnits": 125,
        "majorUnits": "1.25",
        "Scale": 2
      },
      "blockedBalance": {
        "minorUnits": 10,
        "currency": "GBP",
        "scale": 2,
        "majorUnits": "0.00"
      },
      "pendingCredits": {
        "currency": "GBP",
        "minorUnits": 165,
        "majorUnits": "1.65",
        "Scale": 2
      },
      "pendingDebits": {
        "currency": "GBP",
        "minorUnits": 175,
        "majorUnits": "1.75",
        "Scale": 2
      }
    },
    {
      "currency": "GBP",
      "nickName": "Savings Account",
      "walletType": "savings",
      "linkedToAccount": "eyJzdWIiOiIxMjM0NTY3ODkwIiwiaXNzdWVyIjoib21uaWNvcmUiLCJhY2NvdW50SWQiOiI5MTM0ZTgzYS0zMDc5LTQ4Y2MtOGZjZS1hMDgxZmZiYzhmODgiLCJpYXQiOjE1MTYyMzkwMjJ9",
      "color": "F58220",
      "textColor": "white",
      "icon": "fa-star",
      "walletId": "5550380116",
      "targetBalance": "2300",
      "targetDate": "2022-12-12",
      "availableBalance": {
        "currency": "GBP",
        "minorUnits": 126,
        "majorUnits": "1.26",
        "Scale": 2
      },
      "blockedBalance": {
        "minorUnits": 20,
        "currency": "GBP",
        "scale": 2,
        "majorUnits": "0.00"
      },
      "pendingCredits": {
        "currency": "GBP",
        "minorUnits": 166,
        "majorUnits": "1.66",
        "Scale": 2
      },
      "pendingDebits": {
        "currency": "GBP",
        "minorUnits": 176,
        "majorUnits": "1.76",
        "Scale": 2
      }
    },
    {
      "currency": "GBP",
      "nickName": "Youth Account",
      "walletType": "youth",
      "linkedToAccount": "11111IiOiIxMjM0NTY3ODkwIiwiaXNzdWVyIjoib21uaWNvcmUiLCJhY2NvdW50SWQiOiI5MTM0ZTgzYS0zMDc5LTQ4Y2MtOGZjZS1hMDgxZmZiYzhmODgiLCJpYXQiOjE1MTYyMzkwMjJ9",
      "walletImageUrl": "omnio-card-youth.png",
      "color": null,
      "textColor": null,
      "icon": null,
      "walletId": "5946081451",
      "availableBalance": {
        "currency": "GBP",
        "minorUnits": 0,
        "majorUnits": "0.00",
        "Scale": 2
      },
      "blockedBalance": {
        "minorUnits": 30,
        "currency": "GBP",
        "scale": 2,
        "majorUnits": "0.00"
      },
      "pendingCredits": {
        "currency": "GBP",
        "minorUnits": 0,
        "majorUnits": "0.00",
        "Scale": 2
      },
      "pendingDebits": {
        "currency": "GBP",
        "minorUnits": 0,
        "majorUnits": "0.00",
        "Scale": 2
      }
    }
  ]
}
