{
  "data": {
    "requestId": "d385ab22-0f51-4b97-9ecd-b8ff3fd4fcb6",
    "processedUtc": "2019-08-24T14:15:22Z",
    "paginationData": {
      "totalCount": 16,
      "pageSize": 15,
      "pageCount": 2,
      "pageNumber": 2
    },
    "pendingTransactions": [
      {
        "transactionDate": "2019-08-24",
        "description": "Additional card fee (credit)",
        "value": {
          "currency": "GBP",
          "minorUnits": 1200,
          "majorUnits": "12.00",
          "Scale": 2
        },
        "balance": {
          "currency": "GBP",
          "minorUnits": 100000,
          "majorUnits": "100.00",
          "Scale": 2
        }
      },
      {
        "transactionDate": "2019-08-24",
        "description": "Balance adjustment (credit)",
        "value": {
          "currency": "GBP",
          "minorUnits": 2000,
          "majorUnits": "2.00",
          "Scale": 2
        },
        "balance": {
          "currency": "GBP",
          "minorUnits": 102000,
          "majorUnits": "102.00",
          "Scale": 2
        }
      },
      {
        "transactionDate": "2019-08-25",
        "description": "Additional card fee (credit)",
        "value": {
          "currency": "GBP",
          "minorUnits": 1210,
          "majorUnits": "12.10",
          "Scale": 2
        },
        "balance": {
          "currency": "GBP",
          "minorUnits": 100000,
          "majorUnits": "100.00",
          "Scale": 2
        },
        "originAmount": {
          "currency": "USD",
          "minorUnits": 2420,
          "majorUnits": "24.20",
          "Scale": 2
        },
    		"fxRate": "0.50"
      },
      {
        "transactionDate": "2019-08-25",
        "description": "Additional card fee (credit)",
        "value": {
          "currency": "GBP",
          "minorUnits": 1200,
          "majorUnits": "12.00",
          "Scale": 2
        },
        "balance": {
          "currency": "GBP",
          "minorUnits": 100000,
          "majorUnits": "100.00",
          "Scale": 2
        },
        "originAmount": {
          "currency": "EUR",
          "minorUnits": 16065,
          "majorUnits": "16.65",
          "Scale": 2
        },
    		"fxRate": "0.75454545"
      }
    ],
    "transactions": [
      {
        "transactionDate": "2019-08-24",
        "description": "Additional card fee (credit)",
        "value": {
          "currency": "GBP",
          "minorUnits": 1200,
          "majorUnits": "12.00",
          "Scale": 2
        },
        "balance": {
          "currency": "GBP",
          "minorUnits": 100000,
          "majorUnits": "100.00",
          "Scale": 2
        }
      },
      {
        "transactionDate": "2019-08-25",
        "description": "Additional card fee (credit)",
        "value": {
          "currency": "GBP",
          "minorUnits": 1200,
          "majorUnits": "12.00",
          "Scale": 2
        },
        "balance": {
          "currency": "GBP",
          "minorUnits": 100000,
          "majorUnits": "100.00",
          "Scale": 2
        },
        "originAmount": {
          "currency": "USD",
          "minorUnits": 2098,
          "majorUnits": "20.98",
          "Scale": 2
        },
    		"fxRate": "0.61"
      },
      {
        "transactionDate": "2019-08-25",
        "description": "Additional card fee (credit)",
        "value": {
          "currency": "GBP",
          "minorUnits": 1200,
          "majorUnits": "12.00",
          "Scale": 2
        },
        "balance": {
          "currency": "GBP",
          "minorUnits": 100000,
          "majorUnits": "100.00",
          "Scale": 2
        },
        "originAmount": {
          "currency": "EUR",
          "minorUnits": 15065,
          "majorUnits": "150.65",
          "Scale": 2
        },
    		"fxRate": "0.80454545"
      },
      {
        "transactionDate": "2019-08-24",
        "description": "Balance adjustment (credit)",
        "value": {
          "currency": "GBP",
          "minorUnits": 2000,
          "majorUnits": "2.00",
          "Scale": 2
        },
        "balance": {
          "currency": "GBP",
          "minorUnits": 102000,
          "majorUnits": "102.00",
          "Scale": 2
        }
      },
      {
        "transactionDate": "2019-08-24",
        "description": "Closure fee (debit)",
        "value": {
          "currency": "GBP",
          "minorUnits": -2000,
          "majorUnits": "-200.00",
          "Scale": 2
        },
        "balance": {
          "currency": "GBP",
          "minorUnits": 100000,
          "majorUnits": "100.00",
          "Scale": 2
        }
      },
      {
        "transactionDate": "2019-08-24",
        "description": "Closure fee (debit)",
        "value": {
          "currency": "GBP",
          "minorUnits": -2000,
          "majorUnits": "-200.00",
          "Scale": 2
        },
        "balance": {
          "currency": "GBP",
          "minorUnits": 100000,
          "majorUnits": "100.00",
          "Scale": 2
        }
      },
      {
        "transactionDate": "2019-08-24",
        "description": "Closure fee (debit)",
        "value": {
          "currency": "GBP",
          "minorUnits": -2000,
          "majorUnits": "-200.00",
          "Scale": 2
        },
        "balance": {
          "currency": "GBP",
          "minorUnits": 100000,
          "majorUnits": "100.00",
          "Scale": 2
        }
      },
      {
        "transactionDate": "2019-08-24",
        "description": "Closure fee (debit)",
        "value": {
          "currency": "GBP",
          "minorUnits": -2000,
          "majorUnits": "-200.00",
          "Scale": 2
        },
        "balance": {
          "currency": "GBP",
          "minorUnits": 100000,
          "majorUnits": "100.00",
          "Scale": 2
        }
      },
      {
        "transactionDate": "2019-08-24",
        "description": "Closure fee (debit)",
        "value": {
          "currency": "GBP",
          "minorUnits": -2000,
          "majorUnits": "-200.00",
          "Scale": 2
        },
        "balance": {
          "currency": "GBP",
          "minorUnits": 100000,
          "majorUnits": "100.00",
          "Scale": 2
        }
      },
      {
        "transactionDate": "2019-08-24",
        "description": "Closure fee (debit)",
        "value": {
          "currency": "GBP",
          "minorUnits": -2000,
          "majorUnits": "-200.00",
          "Scale": 2
        },
        "balance": {
          "currency": "GBP",
          "minorUnits": 100000,
          "majorUnits": "100.00",
          "Scale": 2
        }
      },
      {
        "transactionDate": "2019-08-24",
        "description": "Closure fee (debit)",
        "value": {
          "currency": "GBP",
          "minorUnits": -2000,
          "majorUnits": "-200.00",
          "Scale": 2
        },
        "balance": {
          "currency": "GBP",
          "minorUnits": 100000,
          "majorUnits": "100.00",
          "Scale": 2
        }
      },
      {
        "transactionDate": "2019-08-24",
        "description": "Closure fee (debit)",
        "value": {
          "currency": "GBP",
          "minorUnits": -2000,
          "majorUnits": "-200.00",
          "Scale": 2
        },
        "balance": {
          "currency": "GBP",
          "minorUnits": 100000,
          "majorUnits": "100.00",
          "Scale": 2
        }
      },
      {
        "transactionDate": "2019-08-24",
        "description": "Additional card fee (credit)",
        "value": {
          "currency": "GBP",
          "minorUnits": 1200,
          "majorUnits": "12.00",
          "Scale": 2
        },
        "balance": {
          "currency": "GBP",
          "minorUnits": 100000,
          "majorUnits": "100.00",
          "Scale": 2
        }
      },
      {
        "transactionDate": "2019-08-24",
        "description": "Balance adjustment (credit)",
        "value": {
          "currency": "GBP",
          "minorUnits": 2000,
          "majorUnits": "2.00",
          "Scale": 2
        },
        "balance": {
          "currency": "GBP",
          "minorUnits": 102000,
          "majorUnits": "102.00",
          "Scale": 2
        }
      },
      {
        "transactionDate": "2019-08-24",
        "description": "Closure fee (debit)",
        "value": {
          "currency": "GBP",
          "minorUnits": -2000,
          "majorUnits": "-200.00",
          "Scale": 2
        },
        "balance": {
          "currency": "GBP",
          "minorUnits": 100000,
          "majorUnits": "100.00",
          "Scale": 2
        }
      },
      {
        "transactionDate": "2019-08-24",
        "description": "Balance adjustment (credit)",
        "value": {
          "currency": "GBP",
          "minorUnits": 2000,
          "majorUnits": "2.00",
          "Scale": 2
        },
        "balance": {
          "currency": "GBP",
          "minorUnits": 102000,
          "majorUnits": "102.00",
          "Scale": 2
        }
      },
      {
        "transactionDate": "2019-08-24",
        "description": "Closure fee (debit)",
        "value": {
          "currency": "GBP",
          "minorUnits": -2000,
          "majorUnits": "-200.00",
          "Scale": 2
        },
        "balance": {
          "currency": "GBP",
          "minorUnits": 100000,
          "majorUnits": "100.00",
          "Scale": 2
        }
      },
      {
        "transactionDate": "2019-08-24",
        "description": "Closure fee (debit)",
        "value": {
          "currency": "GBP",
          "minorUnits": -2000,
          "majorUnits": "-200.00",
          "Scale": 2
        },
        "balance": {
          "currency": "GBP",
          "minorUnits": 100000,
          "majorUnits": "100.00",
          "Scale": 2
        }
      }
    ]
  }
}
