{
  "data": {
    "userDetails": {
      "personId": "1029382828",
      "lastLogin": "0001-01-01T00:00:00",
      "firstName": "John",
      "lastName": "Carroll",
      "fullName": "John Carroll",
      "email": "john.carroll@omnio.global",
      "mobilePhone": "+447957386492",
      "avatarImage": "https://cdn.vuetifyjs.com/images/john.jpg",
      "address": {
        "line1": "Clerks Court",
        "line2": "18-20 Farringdon Lane",
        "line3": "London",
        "postalCode": "EC1R 3AU",
        "country": "GBR"
      }
    }
  }
}
