{
  "data": {
    "paginationData": {
      "totalCount": 20,
      "pageSize": 5,
      "pageCount": 5,
      "pageNumber": 1
    },
    "memberships": [
      {
        "id": "eyJpZCI6IjU1NDA5NDQyMjkiLCJpcyI6InQyIiwicnQiOiJhY2MifQ11",
        "membershipId": "5229382912",
        "membershipType": "adult",
        "title": "Mr",
        "firstName": "John",
        "lastName": "Jones",
        "fullName": "John Jones",
        "company": "ABC Company",
        "dob": "1985-10-11",
        "purchaseDate": "2019-09-07T15:50-04:00",
        "expiryDate": "2022-09-07T15:50-04:00",
        "autoRenewal": true,
        "virtualCard": true,
        "status": "complete",
        "qr": "https://upload.wikimedia.org/wikipedia/commons/thumb/d/d0/QR_code_for_mobile_English_Wikipedia.svg/220px-QR_code_for_mobile_English_Wikipedia.svg.png"
      },
      {
        "id": "eyJpZCI6IjU1NDA5NDQyMjkiLCJpcyI6InQyIiwicnQiOiJhY2MifQ22",
        "membershipId": "4629382911",
        "membershipType": "child",
        "title": "Mrs",
        "firstName": "Jane",
        "lastName": "Jones",
        "fullName": "Jane Jones",
        "dob": "1990-10-11",
        "purchaseDate": "2018-09-07T15:50-04:00",
        "expiryDate": "2021-09-07T15:50-04:00",
        "autoRenewal": false,
        "virtualCard": true,
        "status": "complete",
        "qr": "https://upload.wikimedia.org/wikipedia/commons/thumb/d/d0/QR_code_for_mobile_English_Wikipedia.svg/220px-QR_code_for_mobile_English_Wikipedia.svg.png"
      },
      {
        "id": "eyJpZCI6IjU1NDA5NDQyMjkiLCJpcyI6InQyIiwicnQiOiJhY2MifQ33",
        "membershipId": "3929382911",
        "membershipType": "child",
        "title": "Mr",
        "firstName": "Peter",
        "lastName": "Jones",
        "fullName": "Peter Jones",
        "dob": "1993-10-11",
        "purchaseDate": "2020-09-07T15:50-04:00",
        "expiryDate": "2021-09-07T15:50-04:00",
        "autoRenewal": false,
        "virtualCard": false,
        "status": "complete",
        "qr": "https://upload.wikimedia.org/wikipedia/commons/thumb/d/d0/QR_code_for_mobile_English_Wikipedia.svg/220px-QR_code_for_mobile_English_Wikipedia.svg.png"
      }
    ],
    "requestId": "54ecb3e4-ef1a-484c-a9f8-eb9beefe21e3",
    "processedUtc": "2021-07-07T08:41:22Z"
  }
}
