{
  "data": {
    "id": "eyJpZCI6IjU1NDA5NDQyMjkiLCJpcyI6InQyIiwicnQiOiJhY2MifQ",
    "membershipId": "1229382912",
    "membershipType": "adult",
    "title": "Mr",
    "firstName": "John",
    "lastName": "Jones",
    "fullName": "John Jones",
    "homePhone": "111111",
    "mobilePhone": "111111",
    "address": {
      "line1": "Clerks Court",
      "line2": "18-20 Farringdon Lane",
      "line3": "London",
      "postalCode": "EC1R 3AU",
      "country": "GBR"
    },
    "company": "ABC Company",
    "dob": "1985-10-11",
    "purchaseDate": "2019-09-07T15:50-04:00",
    "expiryDate": "2022-09-07T15:50-04:00",
    "autoRenewal": true,
    "qr": "https://upload.wikimedia.org/wikipedia/commons/thumb/d/d0/QR_code_for_mobile_English_Wikipedia.svg/220px-QR_code_for_mobile_English_Wikipedia.svg.png"
  }
}
