{
  "data": {
    "user": {
      "lastLogin": "0001-01-01T00:00:00",
      "firstName": "John",
      "lastName": "Carrol",
      "email": "john.carroll@omnio.global",
      "mobilePhone": "+447957386492",
      "address": {
        "line1": "Clerks Court",
        "line2": "18-20 Farringdon Lane",
        "line3": "London",
        "postalCode": "EC1R 3AU",
        "country": "GBR"
      }
    },
    "accounts": [
      {
        "accountId": "eyJpZCI6IjQyNDM4MDQyODUiLCJpcyI6InQyIiwicnQiOiJhY2MifQ",
        "accountType": "current",
        "accountHolders": [
          { "name": "John Carrol", "isPrimary": false },
          { "name": "Jim Carroll", "isPrimary": false }
        ],
        "accountNumber": "634338958"
      }
    ],
    "wallets": [
      {
        "walletId": "eyJpZCI6IjU1NDA5NDQyMjkiLCJpcyI6InQyIiwicnQiOiJhY2MifQ",
        "walletType": "card",
        "linkedToAccount": "eyJpZCI6IjQyNDM4MDQyODUiLCJpcyI6InQyIiwicnQiOiJhY2MifQ"
      },
      {
        "walletId": "eyJpZCI6IjU4OTUzMDczMDMiLCJpcyI6InQyIiwicnQiOiJhY2MifQ",
        "currency": "GBP",
        "nickName": "Savings",
        "walletType": "card",
        "color": "F58220",
        "icon": "fa-car"
      },
      {
        "totalTransactions": 0,
        "availableBalance": {
          "minorUnits": 1000,
          "currency": "GBP",
          "scale": 2,
          "majorUnits": "10.00"
        },
        "walletId": "eyJpZCI6IjU2NDE5ODM4NTIiLCJpcyI6InQyIiwicnQiOiJhY2MifQ",
        "currency": "GBP",
        "nickName": "MBS ME Youth Account",
        "walletType": "card"
      }
    ],
    "requestId": "54ecb3e4-ef1a-484c-a9f8-eb9beefe21e3",
    "processedUtc": "2021-07-07T08:41:22Z"
  }
}
