{
    "$schema": "https://schema.management.azure.com/schemas/2019-04-01/deploymentTemplate.json#",
    "contentVersion": "1.0.0.0",
    "parameters": {
        "frontdoors_NEU_DEV_FDR_Omnicore_name": {
            "defaultValue": "NEU-DEV-FDR-Omnicore",
            "type": "String"
        },
        "FrontDoorWebApplicationFirewallPolicies_NEUDEVWAFOmnicore_externalid": {
            "defaultValue": "/subscriptions/8e23dffd-ada5-41c5-b121-ebc51bcbf252/resourceGroups/NEU-DEV-RG-FrontDoor/providers/Microsoft.Network/FrontDoorWebApplicationFirewallPolicies/NEUDEVWAFOmnicore",
            "type": "String"
        }
    },
    "variables": {},
    "resources": [
        {
            "type": "Microsoft.Network/frontdoors",
            "apiVersion": "2020-05-01",
            "name": "[parameters('frontdoors_NEU_DEV_FDR_Omnicore_name')]",
            "location": "Global",
            "tags": {
                "Client": "",
                "Environment": "",
                "Platform": "",
                "Service Dependence": ""
            },
            "properties": {
                "routingRules": [
                    {
                        "id": "[concat(resourceId('Microsoft.Network/frontdoors', parameters('frontdoors_NEU_DEV_FDR_Omnicore_name')), '/RoutingRules/NEU-DEV-RT-StaticSiteTest')]",
                        "name": "NEU-DEV-RT-StaticSiteTest",
                        "properties": {
                            "routeConfiguration": {
                                "forwardingProtocol": "MatchRequest",
                                "backendPool": {
                                    "id": "[concat(resourceId('Microsoft.Network/frontdoors', parameters('frontdoors_NEU_DEV_FDR_Omnicore_name')), '/BackendPools/NEU-DEV-BP-StaticSiteTest')]"
                                },
                                "@odata.type": "#Microsoft.Azure.FrontDoor.Models.FrontdoorForwardingConfiguration"
                            },
                            "resourceState": "Enabled",
                            "frontendEndpoints": [
                                {
                                    "id": "[concat(resourceId('Microsoft.Network/frontdoors', parameters('frontdoors_NEU_DEV_FDR_Omnicore_name')), '/frontendendpoints/omnicore-staticsitetest-dev-omnicore-global')]"
                                }
                            ],
                            "acceptedProtocols": [
                                "Http",
                                "Https"
                            ],
                            "patternsToMatch": [
                                "/*"
                            ],
                            "enabledState": "Enabled"
                        }
                    },
                    {
                        "id": "[concat(resourceId('Microsoft.Network/frontdoors', parameters('frontdoors_NEU_DEV_FDR_Omnicore_name')), '/RoutingRules/NEU-DEV-RT-OmnicoreAGW-Public')]",
                        "name": "NEU-DEV-RT-OmnicoreAGW-Public",
                        "properties": {
                            "routeConfiguration": {
                                "forwardingProtocol": "HttpsOnly",
                                "backendPool": {
                                    "id": "[concat(resourceId('Microsoft.Network/frontdoors', parameters('frontdoors_NEU_DEV_FDR_Omnicore_name')), '/BackendPools/NEU-DEV-BEP-OmnicoreAGW')]"
                                },
                                "@odata.type": "#Microsoft.Azure.FrontDoor.Models.FrontdoorForwardingConfiguration"
                            },
                            "resourceState": "Enabled",
                            "frontendEndpoints": [
                                {
                                    "id": "[concat(resourceId('Microsoft.Network/frontdoors', parameters('frontdoors_NEU_DEV_FDR_Omnicore_name')), '/frontendendpoints/public-dev-omnicore-global')]"
                                }
                            ],
                            "acceptedProtocols": [
                                "Https"
                            ],
                            "patternsToMatch": [
                                "/*"
                            ],
                            "enabledState": "Enabled"
                        }
                    },
                    {
                        "id": "[concat(resourceId('Microsoft.Network/frontdoors', parameters('frontdoors_NEU_DEV_FDR_Omnicore_name')), '/RoutingRules/NEU-DEV-RT-OmnicoreAGW-Public-Redirect')]",
                        "name": "NEU-DEV-RT-OmnicoreAGW-Public-Redirect",
                        "properties": {
                            "routeConfiguration": {
                                "redirectType": "Found",
                                "redirectProtocol": "HttpsOnly",
                                "@odata.type": "#Microsoft.Azure.FrontDoor.Models.FrontdoorRedirectConfiguration"
                            },
                            "resourceState": "Enabled",
                            "frontendEndpoints": [
                                {
                                    "id": "[concat(resourceId('Microsoft.Network/frontdoors', parameters('frontdoors_NEU_DEV_FDR_Omnicore_name')), '/frontendendpoints/public-dev-omnicore-global')]"
                                }
                            ],
                            "acceptedProtocols": [
                                "Http"
                            ],
                            "patternsToMatch": [
                                "/*"
                            ],
                            "enabledState": "Enabled"
                        }
                    },
                    {
                        "id": "[concat(resourceId('Microsoft.Network/frontdoors', parameters('frontdoors_NEU_DEV_FDR_Omnicore_name')), '/RoutingRules/NEU-DEV-RT-MBSSPA')]",
                        "name": "NEU-DEV-RT-MBSSPA",
                        "properties": {
                            "routeConfiguration": {
                                "forwardingProtocol": "HttpsOnly",
                                "backendPool": {
                                    "id": "[concat(resourceId('Microsoft.Network/frontdoors', parameters('frontdoors_NEU_DEV_FDR_Omnicore_name')), '/backendPools/NEU-DEV-BEP-SPA')]"
                                },
                                "@odata.type": "#Microsoft.Azure.FrontDoor.Models.FrontdoorForwardingConfiguration"
                            },
                            "resourceState": "Enabled",
                            "frontendEndpoints": [
                                {
                                    "id": "[concat(resourceId('Microsoft.Network/frontdoors', parameters('frontdoors_NEU_DEV_FDR_Omnicore_name')), '/frontendendpoints/mbs-dev-omnicore-global')]"
                                }
                            ],
                            "acceptedProtocols": [
                                "Https"
                            ],
                            "patternsToMatch": [
                                "/*"
                            ],
                            "enabledState": "Enabled"
                        }
                    },
                    {
                        "id": "[concat(resourceId('Microsoft.Network/frontdoors', parameters('frontdoors_NEU_DEV_FDR_Omnicore_name')), '/RoutingRules/NEU-DEV-RT-Admin-Redirect')]",
                        "name": "NEU-DEV-RT-Admin-Redirect",
                        "properties": {
                            "routeConfiguration": {
                                "redirectType": "Found",
                                "redirectProtocol": "HttpsOnly",
                                "@odata.type": "#Microsoft.Azure.FrontDoor.Models.FrontdoorRedirectConfiguration"
                            },
                            "resourceState": "Enabled",
                            "frontendEndpoints": [
                                {
                                    "id": "[concat(resourceId('Microsoft.Network/frontdoors', parameters('frontdoors_NEU_DEV_FDR_Omnicore_name')), '/frontendendpoints/admin-dev-omnicore-global')]"
                                }
                            ],
                            "acceptedProtocols": [
                                "Http"
                            ],
                            "patternsToMatch": [
                                "/*"
                            ],
                            "enabledState": "Enabled"
                        }
                    },
                    {
                        "id": "[concat(resourceId('Microsoft.Network/frontdoors', parameters('frontdoors_NEU_DEV_FDR_Omnicore_name')), '/RoutingRules/NEU-DEV-RT-Admin')]",
                        "name": "NEU-DEV-RT-Admin",
                        "properties": {
                            "routeConfiguration": {
                                "forwardingProtocol": "HttpsOnly",
                                "backendPool": {
                                    "id": "[concat(resourceId('Microsoft.Network/frontdoors', parameters('frontdoors_NEU_DEV_FDR_Omnicore_name')), '/BackendPools/NEU-DEV-BEP-OmnicoreAKSAdminService')]"
                                },
                                "@odata.type": "#Microsoft.Azure.FrontDoor.Models.FrontdoorForwardingConfiguration"
                            },
                            "resourceState": "Enabled",
                            "frontendEndpoints": [
                                {
                                    "id": "[concat(resourceId('Microsoft.Network/frontdoors', parameters('frontdoors_NEU_DEV_FDR_Omnicore_name')), '/frontendendpoints/admin-dev-omnicore-global')]"
                                }
                            ],
                            "acceptedProtocols": [
                                "Https"
                            ],
                            "patternsToMatch": [
                                "/*"
                            ],
                            "enabledState": "Enabled"
                        }
                    },
                    {
                        "id": "[concat(resourceId('Microsoft.Network/frontdoors', parameters('frontdoors_NEU_DEV_FDR_Omnicore_name')), '/RoutingRules/NEU-DEV-RT-SPA-EJP')]",
                        "name": "NEU-DEV-RT-SPA-EJP",
                        "properties": {
                            "routeConfiguration": {
                                "customForwardingPath": "/banking/easyjetplus",
                                "forwardingProtocol": "HttpsOnly",
                                "backendPool": {
                                    "id": "[concat(resourceId('Microsoft.Network/frontdoors', parameters('frontdoors_NEU_DEV_FDR_Omnicore_name')), '/backendPools/NEU-DEV-BEP-SPA')]"
                                },
                                "@odata.type": "#Microsoft.Azure.FrontDoor.Models.FrontdoorForwardingConfiguration"
                            },
                            "resourceState": "Enabled",
                            "frontendEndpoints": [
                                {
                                    "id": "[concat(resourceId('Microsoft.Network/frontdoors', parameters('frontdoors_NEU_DEV_FDR_Omnicore_name')), '/frontendendpoints/ejp-dev-omnicore-global')]"
                                }
                            ],
                            "acceptedProtocols": [
                                "Https"
                            ],
                            "patternsToMatch": [
                                "/*"
                            ],
                            "enabledState": "Enabled"
                        }
                    },
                    {
                        "id": "[concat(resourceId('Microsoft.Network/frontdoors', parameters('frontdoors_NEU_DEV_FDR_Omnicore_name')), '/RoutingRules/NEU-DEV-RT-SPA-Redirect')]",
                        "name": "NEU-DEV-RT-SPA-Redirect",
                        "properties": {
                            "routeConfiguration": {
                                "redirectType": "Found",
                                "redirectProtocol": "HttpsOnly",
                                "@odata.type": "#Microsoft.Azure.FrontDoor.Models.FrontdoorRedirectConfiguration"
                            },
                            "resourceState": "Enabled",
                            "frontendEndpoints": [
                                {
                                    "id": "[concat(resourceId('Microsoft.Network/frontdoors', parameters('frontdoors_NEU_DEV_FDR_Omnicore_name')), '/frontendendpoints/ejp-dev-omnicore-global')]"
                                },
                                {
                                    "id": "[concat(resourceId('Microsoft.Network/frontdoors', parameters('frontdoors_NEU_DEV_FDR_Omnicore_name')), '/frontendendpoints/mbs-dev-omnicore-global')]"
                                },
                                {
                                    "id": "[concat(resourceId('Microsoft.Network/frontdoors', parameters('frontdoors_NEU_DEV_FDR_Omnicore_name')), '/frontendendpoints/vox-DEV-omnicore-global')]"
                                }
                            ],
                            "acceptedProtocols": [
                                "Http"
                            ],
                            "patternsToMatch": [
                                "/*"
                            ],
                            "enabledState": "Enabled"
                        }
                    },
                    {
                        "id": "[concat(resourceId('Microsoft.Network/frontdoors', parameters('frontdoors_NEU_DEV_FDR_Omnicore_name')), '/RoutingRules/NEU-SIT-RT-SPA-VOX')]",
                        "name": "NEU-SIT-RT-SPA-VOX",
                        "properties": {
                            "routeConfiguration": {
                                "customForwardingPath": "/banking/vox/",
                                "forwardingProtocol": "HttpsOnly",
                                "backendPool": {
                                    "id": "[concat(resourceId('Microsoft.Network/frontdoors', parameters('frontdoors_NEU_DEV_FDR_Omnicore_name')), '/backendPools/NEU-DEV-BEP-SPA')]"
                                },
                                "@odata.type": "#Microsoft.Azure.FrontDoor.Models.FrontdoorForwardingConfiguration"
                            },
                            "resourceState": "Enabled",
                            "frontendEndpoints": [
                                {
                                    "id": "[concat(resourceId('Microsoft.Network/frontdoors', parameters('frontdoors_NEU_DEV_FDR_Omnicore_name')), '/frontendendpoints/vox-DEV-omnicore-global')]"
                                }
                            ],
                            "acceptedProtocols": [
                                "Https"
                            ],
                            "patternsToMatch": [
                                "/*"
                            ],
                            "enabledState": "Enabled"
                        }
                    }
                ],
                "resourceState": "Enabled",
                "loadBalancingSettings": [
                    {
                        "id": "[concat(resourceId('Microsoft.Network/frontdoors', parameters('frontdoors_NEU_DEV_FDR_Omnicore_name')), '/LoadBalancingSettings/loadBalancingSettings-1616145069991')]",
                        "name": "loadBalancingSettings-1616145069991",
                        "properties": {
                            "resourceState": "Enabled",
                            "sampleSize": 4,
                            "successfulSamplesRequired": 2,
                            "additionalLatencyMilliseconds": 0
                        }
                    },
                    {
                        "id": "[concat(resourceId('Microsoft.Network/frontdoors', parameters('frontdoors_NEU_DEV_FDR_Omnicore_name')), '/LoadBalancingSettings/loadBalancingSettings-1618387087710')]",
                        "name": "loadBalancingSettings-1618387087710",
                        "properties": {
                            "resourceState": "Enabled",
                            "sampleSize": 4,
                            "successfulSamplesRequired": 2,
                            "additionalLatencyMilliseconds": 0
                        }
                    },
                    {
                        "id": "[concat(resourceId('Microsoft.Network/frontdoors', parameters('frontdoors_NEU_DEV_FDR_Omnicore_name')), '/LoadBalancingSettings/loadBalancingSettings-1618824107136')]",
                        "name": "loadBalancingSettings-1618824107136",
                        "properties": {
                            "resourceState": "Enabled",
                            "sampleSize": 4,
                            "successfulSamplesRequired": 2,
                            "additionalLatencyMilliseconds": 0
                        }
                    },
                    {
                        "id": "[concat(resourceId('Microsoft.Network/frontdoors', parameters('frontdoors_NEU_DEV_FDR_Omnicore_name')), '/LoadBalancingSettings/loadBalancingSettings-1626866454030')]",
                        "name": "loadBalancingSettings-1626866454030",
                        "properties": {
                            "resourceState": "Enabled",
                            "sampleSize": 4,
                            "successfulSamplesRequired": 2,
                            "additionalLatencyMilliseconds": 0
                        }
                    }
                ],
                "healthProbeSettings": [
                    {
                        "id": "[concat(resourceId('Microsoft.Network/frontdoors', parameters('frontdoors_NEU_DEV_FDR_Omnicore_name')), '/HealthProbeSettings/healthProbeSettings-1616145069991')]",
                        "name": "healthProbeSettings-1616145069991",
                        "properties": {
                            "resourceState": "Enabled",
                            "path": "/",
                            "protocol": "Https",
                            "intervalInSeconds": 30,
                            "enabledState": "Disabled",
                            "healthProbeMethod": "Head"
                        }
                    },
                    {
                        "id": "[concat(resourceId('Microsoft.Network/frontdoors', parameters('frontdoors_NEU_DEV_FDR_Omnicore_name')), '/HealthProbeSettings/healthProbeSettings-1618387087710')]",
                        "name": "healthProbeSettings-1618387087710",
                        "properties": {
                            "resourceState": "Enabled",
                            "path": "/healthprobe",
                            "protocol": "Https",
                            "intervalInSeconds": 30,
                            "enabledState": "Enabled",
                            "healthProbeMethod": "Get"
                        }
                    },
                    {
                        "id": "[concat(resourceId('Microsoft.Network/frontdoors', parameters('frontdoors_NEU_DEV_FDR_Omnicore_name')), '/HealthProbeSettings/healthProbeSettings-1618824107136')]",
                        "name": "healthProbeSettings-1618824107136",
                        "properties": {
                            "resourceState": "Enabled",
                            "path": "/Identity/Account/Login",
                            "protocol": "Https",
                            "intervalInSeconds": 30,
                            "enabledState": "Enabled",
                            "healthProbeMethod": "Get"
                        }
                    },
                    {
                        "id": "[concat(resourceId('Microsoft.Network/frontdoors', parameters('frontdoors_NEU_DEV_FDR_Omnicore_name')), '/HealthProbeSettings/healthProbeSettings-1626866454030')]",
                        "name": "healthProbeSettings-1626866454030",
                        "properties": {
                            "resourceState": "Enabled",
                            "path": "/",
                            "protocol": "Https",
                            "intervalInSeconds": 30,
                            "enabledState": "Enabled",
                            "healthProbeMethod": "Head"
                        }
                    }
                ],
                "backendPools": [
                    {
                        "id": "[concat(resourceId('Microsoft.Network/frontdoors', parameters('frontdoors_NEU_DEV_FDR_Omnicore_name')), '/BackendPools/NEU-DEV-BP-StaticSiteTest')]",
                        "name": "NEU-DEV-BP-StaticSiteTest",
                        "properties": {
                            "backends": [
                                {
                                    "address": "neudevstacontenttest.z16.web.core.windows.net",
                                    "httpPort": 80,
                                    "httpsPort": 443,
                                    "priority": 1,
                                    "weight": 50,
                                    "backendHostHeader": "neudevstacontenttest.z16.web.core.windows.net",
                                    "enabledState": "Enabled"
                                }
                            ],
                            "resourceState": "Enabled",
                            "loadBalancingSettings": {
                                "id": "[concat(resourceId('Microsoft.Network/frontdoors', parameters('frontdoors_NEU_DEV_FDR_Omnicore_name')), '/LoadBalancingSettings/loadBalancingSettings-1616145069991')]"
                            },
                            "healthProbeSettings": {
                                "id": "[concat(resourceId('Microsoft.Network/frontdoors', parameters('frontdoors_NEU_DEV_FDR_Omnicore_name')), '/HealthProbeSettings/healthProbeSettings-1616145069991')]"
                            }
                        }
                    },
                    {
                        "id": "[concat(resourceId('Microsoft.Network/frontdoors', parameters('frontdoors_NEU_DEV_FDR_Omnicore_name')), '/BackendPools/NEU-DEV-BEP-OmnicoreAGW')]",
                        "name": "NEU-DEV-BEP-OmnicoreAGW",
                        "properties": {
                            "backends": [
                                {
                                    "address": "public-healthcheck.dev.omnicore.global",
                                    "httpPort": 80,
                                    "httpsPort": 443,
                                    "priority": 1,
                                    "weight": 50,
                                    "enabledState": "Enabled"
                                }
                            ],
                            "resourceState": "Enabled",
                            "loadBalancingSettings": {
                                "id": "[concat(resourceId('Microsoft.Network/frontdoors', parameters('frontdoors_NEU_DEV_FDR_Omnicore_name')), '/LoadBalancingSettings/loadBalancingSettings-1618387087710')]"
                            },
                            "healthProbeSettings": {
                                "id": "[concat(resourceId('Microsoft.Network/frontdoors', parameters('frontdoors_NEU_DEV_FDR_Omnicore_name')), '/HealthProbeSettings/healthProbeSettings-1618387087710')]"
                            }
                        }
                    },
                    {
                        "id": "[concat(resourceId('Microsoft.Network/frontdoors', parameters('frontdoors_NEU_DEV_FDR_Omnicore_name')), '/BackendPools/NEU-DEV-BEP-OmnicoreAKSAdminService')]",
                        "name": "NEU-DEV-BEP-OmnicoreAKSAdminService",
                        "properties": {
                            "backends": [
                                {
                                    "address": "51.104.91.1",
                                    "httpPort": 80,
                                    "httpsPort": 443,
                                    "priority": 1,
                                    "weight": 50,
                                    "enabledState": "Enabled"
                                }
                            ],
                            "resourceState": "Enabled",
                            "loadBalancingSettings": {
                                "id": "[concat(resourceId('Microsoft.Network/frontdoors', parameters('frontdoors_NEU_DEV_FDR_Omnicore_name')), '/LoadBalancingSettings/loadBalancingSettings-1618824107136')]"
                            },
                            "healthProbeSettings": {
                                "id": "[concat(resourceId('Microsoft.Network/frontdoors', parameters('frontdoors_NEU_DEV_FDR_Omnicore_name')), '/HealthProbeSettings/healthProbeSettings-1618824107136')]"
                            }
                        }
                    },
                    {
                        "id": "[concat(resourceId('Microsoft.Network/frontdoors', parameters('frontdoors_NEU_DEV_FDR_Omnicore_name')), '/BackendPools/NEU-DEV-BEP-SPA')]",
                        "name": "NEU-DEV-BEP-SPA",
                        "properties": {
                            "backends": [
                                {
                                    "address": "neudevstaspa.z16.web.core.windows.net",
                                    "httpPort": 80,
                                    "httpsPort": 443,
                                    "priority": 1,
                                    "weight": 50,
                                    "backendHostHeader": "neudevstaspa.z16.web.core.windows.net",
                                    "enabledState": "Enabled"
                                }
                            ],
                            "resourceState": "Enabled",
                            "loadBalancingSettings": {
                                "id": "[concat(resourceId('Microsoft.Network/frontdoors', parameters('frontdoors_NEU_DEV_FDR_Omnicore_name')), '/LoadBalancingSettings/loadBalancingSettings-1626866454030')]"
                            },
                            "healthProbeSettings": {
                                "id": "[concat(resourceId('Microsoft.Network/frontdoors', parameters('frontdoors_NEU_DEV_FDR_Omnicore_name')), '/HealthProbeSettings/healthProbeSettings-1626866454030')]"
                            }
                        }
                    }
                ],
                "frontendEndpoints": [
                    {
                        "id": "[concat(resourceId('Microsoft.Network/frontdoors', parameters('frontdoors_NEU_DEV_FDR_Omnicore_name')), concat('/FrontendEndpoints/', parameters('frontdoors_NEU_DEV_FDR_Omnicore_name'), '-azurefd-net'))]",
                        "name": "[concat(parameters('frontdoors_NEU_DEV_FDR_Omnicore_name'), '-azurefd-net')]",
                        "properties": {
                            "resourceState": "Enabled",
                            "hostName": "[concat(parameters('frontdoors_NEU_DEV_FDR_Omnicore_name'), '.azurefd.net')]",
                            "sessionAffinityEnabledState": "Disabled",
                            "sessionAffinityTtlSeconds": 0
                        }
                    },
                    {
                        "id": "[concat(resourceId('Microsoft.Network/frontdoors', parameters('frontdoors_NEU_DEV_FDR_Omnicore_name')), '/FrontendEndpoints/omnicore-staticsitetest-dev-omnicore-global')]",
                        "name": "omnicore-staticsitetest-dev-omnicore-global",
                        "properties": {
                            "resourceState": "Enabled",
                            "hostName": "omnicore-staticsitetest.dev.omnicore.global",
                            "sessionAffinityEnabledState": "Disabled",
                            "sessionAffinityTtlSeconds": 0
                        }
                    },
                    {
                        "id": "[concat(resourceId('Microsoft.Network/frontdoors', parameters('frontdoors_NEU_DEV_FDR_Omnicore_name')), '/FrontendEndpoints/public-dev-omnicore-global')]",
                        "name": "public-dev-omnicore-global",
                        "properties": {
                            "resourceState": "Enabled",
                            "hostName": "public.dev.omnicore.global",
                            "sessionAffinityEnabledState": "Disabled",
                            "sessionAffinityTtlSeconds": 0,
                            "webApplicationFirewallPolicyLink": {
                                "id": "[parameters('FrontDoorWebApplicationFirewallPolicies_NEUDEVWAFOmnicore_externalid')]"
                            }
                        }
                    },
                    {
                        "id": "[concat(resourceId('Microsoft.Network/frontdoors', parameters('frontdoors_NEU_DEV_FDR_Omnicore_name')), '/FrontendEndpoints/mbs-dev-omnicore-global')]",
                        "name": "mbs-dev-omnicore-global",
                        "properties": {
                            "resourceState": "Enabled",
                            "hostName": "mbs.dev.omnicore.global",
                            "sessionAffinityEnabledState": "Disabled",
                            "sessionAffinityTtlSeconds": 0
                        }
                    },
                    {
                        "id": "[concat(resourceId('Microsoft.Network/frontdoors', parameters('frontdoors_NEU_DEV_FDR_Omnicore_name')), '/FrontendEndpoints/admin-dev-omnicore-global')]",
                        "name": "admin-dev-omnicore-global",
                        "properties": {
                            "resourceState": "Enabled",
                            "hostName": "admin.dev.omnicore.global",
                            "sessionAffinityEnabledState": "Disabled",
                            "sessionAffinityTtlSeconds": 0
                        }
                    },
                    {
                        "id": "[concat(resourceId('Microsoft.Network/frontdoors', parameters('frontdoors_NEU_DEV_FDR_Omnicore_name')), '/FrontendEndpoints/testfrontignore-dev-omnicore-global')]",
                        "name": "testfrontignore-dev-omnicore-global",
                        "properties": {
                            "resourceState": "Enabled",
                            "hostName": "testfrontignore.dev.omnicore.global",
                            "sessionAffinityEnabledState": "Disabled",
                            "sessionAffinityTtlSeconds": 0
                        }
                    },
                    {
                        "id": "[concat(resourceId('Microsoft.Network/frontdoors', parameters('frontdoors_NEU_DEV_FDR_Omnicore_name')), '/FrontendEndpoints/ejp-dev-omnicore-global')]",
                        "name": "ejp-dev-omnicore-global",
                        "properties": {
                            "resourceState": "Enabled",
                            "hostName": "ejp.dev.omnicore.global",
                            "sessionAffinityEnabledState": "Disabled",
                            "sessionAffinityTtlSeconds": 0
                        }
                    },
                    {
                        "id": "[concat(resourceId('Microsoft.Network/frontdoors', parameters('frontdoors_NEU_DEV_FDR_Omnicore_name')), '/FrontendEndpoints/vox-DEV-omnicore-global')]",
                        "name": "vox-DEV-omnicore-global",
                        "properties": {
                            "resourceState": "Enabled",
                            "hostName": "vox.DEV.omnicore.global",
                            "sessionAffinityEnabledState": "Disabled",
                            "sessionAffinityTtlSeconds": 0
                        }
                    }
                ],
                "backendPoolsSettings": {
                    "enforceCertificateNameCheck": "Disabled",
                    "sendRecvTimeoutSeconds": 30
                },
                "enabledState": "Enabled",
                "friendlyName": "[parameters('frontdoors_NEU_DEV_FDR_Omnicore_name')]"
            }
        }
    ]
}